Tg/K,Normalized SMILES,IL
223,C1CC[NH2+]C1.F[B-](F)(F)F,1
205,C1CC[NH2+]C1.O=S(=O)([O-])C(F)(F)F,2
261,C1CC[NH2+]C1.O=S(=O)([O-])C(F)(F)C(F)(F)C(F)(F)C(F)(F)F,3
199,C1CC[NH2+]C1.O=S(=O)([O-])C(F)(F)C(F)(F)OC(F)(F)C(F)F,4
252,Cc1n(Cn2cccn2)cc[n+]1C.O=S(=O)([N-]S(=O)(=O)C(F)(F)F)C(F)(F)F,5
241,CCC[n+]1ccn(Cn2cccn2)c1C.O=S(=O)([N-]S(=O)(=O)C(F)(F)F)C(F)(F)F,6
229,CCCC[n+]1ccn(Cn2cccn2)c1C.O=S(=O)([N-]S(=O)(=O)C(F)(F)F)C(F)(F)F,7
223,CCCCCC[n+]1ccn(Cn2cccn2)c1C.O=S(=O)([N-]S(=O)(=O)C(F)(F)F)C(F)(F)F,8
245,CCCC[n+]1ccn(Cn2cccn2)c1C.F[P-](F)(F)(F)(F)F,9
241,CCCCCC[n+]1ccn(Cn2cccn2)c1C.F[P-](F)(F)(F)(F)F,10
239,CCCC[n+]1ccn(Cn2nc(C)cc2C)c1C.O=S(=O)([N-]S(=O)(=O)C(F)(F)F)C(F)(F)F,11
235,CCCCCC[n+]1ccn(Cn2nc(C)cc2C)c1C.O=S(=O)([N-]S(=O)(=O)C(F)(F)F)C(F)(F)F,12
260,CCCC[n+]1ccn(Cn2nc(C)cc2C)c1C.F[P-](F)(F)(F)(F)F,13
248,CCCCCC[n+]1ccn(Cn2nc(C)cc2C)c1C.F[P-](F)(F)(F)(F)F,14
187,CCC[N+]1(C)CCCC1.O=S(=O)([N-]S(=O)(=O)C(F)(F)F)C(F)(F)F,15
192,CCCCCCCC[N+]1(C)CCCC1.O=S(=O)([N-]S(=O)(=O)C(F)(F)F)C(F)(F)F,16
200,CCCC[N+]1(C)CCCCC1.O=S(=O)([N-]S(=O)(=O)C(F)(F)F)C(F)(F)F,17
197,CCCCCCCC[N+]1(C)CCCCC1.O=S(=O)([N-]S(=O)(=O)C(F)(F)F)C(F)(F)F,18
203,CCCCCCCC[N+]1(C)CCCCC1.N#C[N-]C#N,19
234,CCCCn1cc(C[n+]2ccn(C)c2)nn1.F[P-](F)(F)(F)(F)F,20
220,CCCCn1cc(C[n+]2ccn(C)c2C)nn1.O=S(=O)([N-]S(=O)(=O)C(F)(F)F)C(F)(F)F,21
214,CCCCn1cc(C[n+]2ccn(C)c2)nn1.O=S(=O)([N-]S(=O)(=O)C(F)(F)F)C(F)(F)F,22
243,Cc1n(C)cc[n+]1Cc1cn(Cc2ccccc2)nn1.O=S(=O)([N-]S(=O)(=O)C(F)(F)F)C(F)(F)F,23
233,CCCCn1cc[n+](Cc2cn(Cc3ccccc3)nn2)c1.O=S(=O)([N-]S(=O)(=O)C(F)(F)F)C(F)(F)F,24
230,CCCCn1cc[n+](Cc2cn(-c3ccccc3)nn2)c1.O=S(=O)([N-]S(=O)(=O)C(F)(F)F)C(F)(F)F,25
225,CCCCn1cc[n+](Cc2cn(CCCC)nn2)c1.F[P-](F)(F)(F)(F)F,26
246,CCCCn1cc(C[n+]2ccn(CCCC)c2C)nn1.F[P-](F)(F)(F)(F)F,27
200,CCCCCCCCCCCCCC[P+](CCCCCC)(CCCCCC)CCCCCC.NCC(=O)[O-],28
204,CC(N)C(=O)[O-].CCCCCCCCCCCCCC[P+](CCCCCC)(CCCCCC)CCCCCC,29
200,CCCCCCCCCCCCCC[P+](CCCCCC)(CCCCCC)CCCCCC.CNCC(=O)[O-],30
200,CC(C)C(N)C(=O)[O-].CCCCCCCCCCCCCC[P+](CCCCCC)(CCCCCC)CCCCCC,31
197,CC(C)CC(N)C(=O)[O-].CCCCCCCCCCCCCC[P+](CCCCCC)(CCCCCC)CCCCCC,32
187,CCC(C)C(N)C(=O)[O-].CCCCCCCCCCCCCC[P+](CCCCCC)(CCCCCC)CCCCCC,33
215,CCCCC(CC)COC(=O)CC(C(=O)OCC(CC)CCCC)S(=O)(=O)[O-].CCCC[P+](CCCC)(CCCC)CCCC,34
219,CCCCC(CC)COC(=O)CC(C(=O)OCC(CC)CCCC)S(=O)(=O)[O-].CCCC[P+](CCCC)(CCCC)CC(=O)OCC,35
212,CCCCC(CC)COC(=O)CC(C(=O)OCC(CC)CCCC)S(=O)(=O)[O-].CCCC[P+](CCCC)(CCCC)CC(=O)O,36
205,CCCCC(CC)COC(=O)CC(C(=O)OCC(CC)CCCC)S(=O)(=O)[O-].CCCC[P+](CCCC)(CCCC)CCOCCOCCOC,37
216,CCCCCCCCCCCCCCCCCC(=O)[O-].CCCC[P+](CC)(CCCC)CCCC,38
340,CC(C)C1=CC2=CCC3C(C)(C(=O)[O-])CCCC3(C)C2CC1.C[N+](C)(C)C,39
271,CC(C)C1=CC2=CCC3C(C)(C(=O)[O-])CCCC3(C)C2CC1.CCCC[N+](CCCC)(CCCC)CCCC,40
298,CC(C)C1=CC2=CCC3C(C)(C(=O)[O-])CCCC3(C)C2CC1.C[N+](C)(C)CCO,41
323,CC(C)C1=CC2=CCC3C(C)(C(=O)[O-])CCCC3(C)C2CC1.C[N+](C)(C)Cc1ccccc1,42
281,CC(C)C1=CC2=CCC3C(C)(C(=O)[O-])CCCC3(C)C2CC1.CCCCCCCCCCCCCCCC[N+](C)(C)C,43
220,CC(C)C1=CC2=CCC3C(C)(C(=O)[O-])CCCC3(C)C2CC1.CCCCCCCCCCCCCCCCCC[N+](C)(C)C,44
275,CC(C)C1=CC2=CCC3C(C)(C(=O)[O-])CCCC3(C)C2CC1.CCCCCCCCCCCCCCCCCCCCCC[N+](C)(C)C,45
314,CC(C)C1=CC2=CCC3C(C)(C(=O)[O-])CCCC3(C)C2CC1.CCCC[n+]1ccn(C)c1,46
300,CC(C)C1=CC2=CCC3C(C)(C(=O)[O-])CCCC3(C)C2CC1.CCCCCC[n+]1ccn(C)c1,47
286,CC(C)C1=CC2=CCC3C(C)(C(=O)[O-])CCCC3(C)C2CC1.CCCCCCCC[n+]1ccn(C)c1,48
280,CC(C)C1=CC2=CCC3C(C)(C(=O)[O-])CCCC3(C)C2CC1.CCCCCCCCCC[n+]1ccn(C)c1,49
267,CC(C)C1=CC2=CCC3C(C)(C(=O)[O-])CCCC3(C)C2CC1.CCCCCCCCCCCC[n+]1ccn(C)c1,50
271,CC(C)C1=CC2=CCC3C(C)(C(=O)[O-])CCCC3(C)C2CC1.CCCCCCCCCCCCCCCC[n+]1ccn(C)c1,51
266,CC(C)C1=CC2=CCC3C(C)(C(=O)[O-])CCCC3(C)C2CC1.CCCCCCCCCCCCCC[N+](C)(C)C,52
202,CC[n+]1ccn(C)c1.[NH-]S(=O)(=O)C(F)(F)F,53
204,CCCC[n+]1ccn(C)c1.[NH-]S(=O)(=O)C(F)(F)F,54
204,CCCC[N+]1(C)CCCC1.[NH-]S(=O)(=O)C(F)(F)F,55
202,CCCCCCCC[N+](C)(CCCCCCCC)CCCCCCCC.[NH-]S(=O)(=O)C(F)(F)F,56
193,CCCCCCCC[NH+](CCCCCCCC)CCCCCCCC.Cc1ccc(C(=O)[O-])cc1C,57
202,CCCCCCCC[NH+](CCCCCCCC)CCCCCCCC.O=C([O-])c1ccccc1O,58
259,CCCCCCCCCCCC[N+](C)(C)CC(=O)O.O=C([O-])COc1ccc(Cl)cc1Cl,59
253,CCCCCCCCCCCC[N+](C)(C)CC(=O)O.Cc1cc(Cl)ccc1OCC(=O)[O-],60
256,CCCCCCCCCCCC[N+](C)(C)CC(=O)O.Cc1cc(Cl)ccc1OC(C)C(=O)[O-],61
267,CCCCCCCCCCCC[N+](C)(C)CC(=O)O.COc1c(Cl)ccc(Cl)c1C(=O)[O-],62
267,CC(C)Cc1ccc(C(C)C(=O)[O-])cc1.CNC(=C[N+](=O)[O-])NCCSCc1ccc([NH+](C)C)o1,63
247,CCCCCCCCOC(=O)CC(C(=O)OCCCCCCCC)S(=O)(=O)[O-].[NH3+]CC(=O)O,64
228,CCCCCCCCOC(=O)CC(C(=O)OCCCCCCCC)S(=O)(=O)[O-].CC[NH2+]CC(=O)O,65
236,CCCCCCCCOC(=O)CC(C(=O)OCCCCCCCC)S(=O)(=O)[O-].C[NH+](C)CCOC(c1ccccc1)c1ccccc1,66
298,CNC(=C[N+](=O)[O-])NCCSCc1ccc([NH+](C)C)o1.C[N-]S(=O)(=O)c1ccc(N)cc1,67
215,COCCOCCOCCOCC(=O)[O-].C[N+](C)(C)CCO,68
211,CC[N+](CC)(CC)CC.COCCOCCOCCOCC(=O)[O-],69
216,CCC[N+](CCC)(CCC)CCC.COCCOCCOCCOCC(=O)[O-],70
212,CCCC[N+](CCCC)(CCCC)CCCC.COCCOCCOCCOCC(=O)[O-],71
220,CS(=O)(=O)[O-].Cc1cc(C)[n+](-c2ccccc2)n1C,72
227,CCCCn1c(C)cc(C)[n+]1-c1ccccc1.CS(=O)(=O)[O-],73
218,CCCCCn1c(C)cc(C)[n+]1-c1ccccc1.CS(=O)(=O)[O-],74
217,CCCCCCn1c(C)cc(C)[n+]1-c1ccccc1.CS(=O)(=O)[O-],75
224,CCCCCCCn1c(C)cc(C)[n+]1-c1ccccc1.CS(=O)(=O)[O-],76
226,CCCCCn1c(C)cc(C)[n+]1-c1ccccc1.F[B-](F)(F)F,77
226,CCCCCCn1c(C)cc(C)[n+]1-c1ccccc1.F[B-](F)(F)F,78
233,CC(C)C[NH2+]CCCS(=O)(=O)O.O=S(=O)([O-])O,79
225,CC(C)C[NH2+]CCCCS(=O)(=O)O.O=S(=O)([O-])O,80
219,CN(C)C(=[NH2+])N(C)C.[O-]c1ccccc1,81
220,CN(C)C(=[NH2+])N(C)C.Cc1ccc([O-])cc1,82
220,CN(C)C(=[NH2+])N(C)C.COc1ccc([O-])cc1,83
220,CN(C)C(=[NH2+])N(C)C.[O-]c1ccc(F)cc1,84
191,C=CC[n+]1ccn(CCCC)c1.N#C[N-]C#N,85
184,C=CC[n+]1ccn(CCCCCC)c1.N#C[N-]C#N,86
185,C=CC[n+]1ccn(CCCCCCCC)c1.N#C[N-]C#N,87
190,C=CC[n+]1ccn(CCCCCCCCCC)c1.N#C[N-]C#N,88
187,C=CC[n+]1ccn(C=C)c1.N#C[N-]C#N,89
198,C=C[n+]1ccn(CCCCCCCC)c1.N#C[N-]C#N,90
199,C=C[n+]1ccn(CCCCCCCCCC)c1.N#C[N-]C#N,91
282,C[N+](C)(C)CC(=O)O.O=C([O-])COc1ccc(Cl)cc1Cl,92
274,C[N+](C)(C)CC(=O)O.Cc1cc(Cl)ccc1OCC(=O)[O-],93
275,C[N+](C)(C)CC(=O)O.Cc1cc(Cl)ccc1OC(C)C(=O)[O-],94
295,COc1c(Cl)ccc(Cl)c1C(=O)[O-].C[N+](C)(C)CC(=O)O,95
294,C[N+](C)(C)CC(O)CC(=O)O.O=C([O-])COc1ccc(Cl)cc1Cl,96
288,C[N+](C)(C)CC(O)CC(=O)O.Cc1cc(Cl)ccc1OCC(=O)[O-],97
292,C[N+](C)(C)CC(O)CC(=O)O.Cc1cc(Cl)ccc1OC(C)C(=O)[O-],98
302,COc1c(Cl)ccc(Cl)c1C(=O)[O-].C[N+](C)(C)CC(O)CC(=O)O,99
211,Cn1cc[n+](CC2CCCCC2)c1.O=S(=O)([N-]S(=O)(=O)C(F)(F)F)C(F)(F)F,100
215,Cn1cc[n+](Cc2ccccc2)c1.O=S(=O)([N-]S(=O)(=O)C(F)(F)F)C(F)(F)F,101
235,C[n+]1ccn(Cc2ccc3ccccc3c2)c1.O=S(=O)([N-]S(=O)(=O)C(F)(F)F)C(F)(F)F,102
228,O=S(=O)([N-]S(=O)(=O)C(F)(F)F)C(F)(F)F.c1ccc(Cn2cc[n+](Cc3ccccc3)c2)cc1,103
184,CC[n+]1ccn(C)c1.O=S(=O)([N-]S(=O)(=O)C(F)(F)F)C(F)(F)F,104
186,CCC[n+]1ccn(C)c1.O=S(=O)([N-]S(=O)(=O)C(F)(F)F)C(F)(F)F,105
188,CCCC[n+]1ccn(C)c1.O=S(=O)([N-]S(=O)(=O)C(F)(F)F)C(F)(F)F,106
189,CCCCC[n+]1ccn(C)c1.O=S(=O)([N-]S(=O)(=O)C(F)(F)F)C(F)(F)F,107
190,CCCCCC[n+]1ccn(C)c1.O=S(=O)([N-]S(=O)(=O)C(F)(F)F)C(F)(F)F,108
190,CCC[n+]1ccn(C)c1.O=S(=O)([N-]S(=O)(=O)C(F)(F)C(F)(F)F)C(F)(F)C(F)(F)F,109
191,CCCC[n+]1ccn(C)c1.O=S(=O)([N-]S(=O)(=O)C(F)(F)C(F)(F)F)C(F)(F)C(F)(F)F,110
192,CCCCC[n+]1ccn(C)c1.O=S(=O)([N-]S(=O)(=O)C(F)(F)C(F)(F)F)C(F)(F)C(F)(F)F,111
193,CCCCCC[n+]1ccn(C)c1.O=S(=O)([N-]S(=O)(=O)C(F)(F)C(F)(F)F)C(F)(F)C(F)(F)F,112
182,CC[n+]1ccn(C)c1.F[B-](F)(F)F,113
183,CCC[n+]1ccn(C)c1.F[B-](F)(F)F,114
186,CCCC[n+]1ccn(C)c1.F[B-](F)(F)F,115
186,CCCCC[n+]1ccn(C)c1.F[B-](F)(F)F,116
190,CCCCCC[n+]1ccn(C)c1.F[B-](F)(F)F,117
190,CCC[n+]1ccn(C)c1.O=[N+]([O-])[O-],118
187,CCCC[n+]1ccn(C)c1.O=[N+]([O-])[O-],119
197,CCCCC[n+]1ccn(C)c1.O=[N+]([O-])[O-],120
198,CCCCCC[n+]1ccn(C)c1.O=[N+]([O-])[O-],121
213,C[NH+]1C=CN=C1.[Br-],122
189,C[NH+]1C=CN=C1.O=S(=O)([N-]S(=O)(=O)C(F)(F)F)C(F)(F)F,123
200,C[NH+]1C=CN=C1.O=S(=O)([N-]S(=O)(=O)C(F)(F)C(F)(F)F)C(F)(F)C(F)(F)F,124
269,C[NH+]1C=CN=C1.F[P-](F)(F)(F)(F)F,125
175,CC(=O)[O-].C[NH+]1C=CN=C1,126
174,C[NH+]1C=CN=C1.O=C[O-],127
216,CC[NH+]1C=CN=C1.[Cl-],128
192,CC[NH+]1C=CN=C1.[O-][Cl+3]([O-])([O-])[O-],129
186,CC[NH+]1C=CN=C1.F[B-](F)(F)F,130
184,CC[NH+]1C=CN=C1.O=S(=O)([N-]S(=O)(=O)C(F)(F)F)C(F)(F)F,131
187,CC[NH+]1C=CN=C1.O=S(=O)([N-]S(=O)(=O)C(F)(F)C(F)(F)F)C(F)(F)C(F)(F)F,132
211,CC[NH+]1C=CN=C1.F[P-](F)(F)(F)(F)F,133
187,CC1=NC=C[NH+]1C.[Cl-],134
270,CC1=NC=C[NH+]1C.[O-][Cl+3]([O-])([O-])[O-],135
176,CC1=NC=C[NH+]1C.F[B-](F)(F)F,136
194,CC1=NC=C[NH+]1C.O=S(=O)([N-]S(=O)(=O)C(F)(F)F)C(F)(F)F,137
156,CC[n+]1ccn(C)c1.F[B-](F)(F)C(F)(F)F,138
180,CC[n+]1ccn(C)c1.C[B-](F)(F)F,139
184,CC[B-](F)(F)F.CC[n+]1ccn(C)c1,140
186,CCC[B-](F)(F)F.CC[n+]1ccn(C)c1,141
188,CCCC[B-](F)(F)F.CC[n+]1ccn(C)c1,142
167,C=C[B-](F)(F)F.CC[n+]1ccn(C)c1,143
188,CC[n+]1ccn(C)c1.O=S(=O)([N-]S(=O)(=O)C(F)(F)C(F)(F)F)C(F)(F)C(F)(F)F,144
169,CC[n+]1ccn(C)c1.N#C[N-]C#N,145
223,CC[n+]1ccn(C)c1.CS(=O)(=O)[N-]S(C)(=O)=O,146
193,CC[n+]1ccn(C)c1.F[P-](F)(F)(F)(F)F,147
208,CC[n+]1ccn(C)c1.NCC(=O)[O-],148
216,CC(N)C(=O)[O-].CC[n+]1ccn(C)c1,149
221,CC(C)C(N)C(=O)[O-].CC[n+]1ccn(C)c1,150
222,CC(C)CC(N)C(=O)[O-].CC[n+]1ccn(C)c1,151
221,CCC(C)C(N)C(=O)[O-].CC[n+]1ccn(C)c1,152
224,CC[n+]1ccn(C)c1.NC(CO)C(=O)[O-],153
233,CC(O)C(N)C(=O)[O-].CC[n+]1ccn(C)c1,154
254,CC[n+]1ccn(C)c1.NC(CS)C(=O)[O-],155
216,CC[n+]1ccn(C)c1.CSCCC(N)C(=O)[O-],156
278,CC[n+]1ccn(C)c1.NC(CCC(=O)O)C(=O)[O-],157
257,CC[n+]1ccn(C)c1.NC(=O)CC(N)C(=O)[O-],158
261,CC[n+]1ccn(C)c1.NC(=O)CCC(N)C(=O)[O-],159
226,CC[n+]1ccn(C)c1.NCCCCC(N)C(=O)[O-],160
255,CC[n+]1ccn(C)c1.N=C(N)NCCCC(N)C(=O)[O-],161
249,CC[n+]1ccn(C)c1.NC(Cc1c[nH]cn1)C(=O)[O-],162
225,CC[n+]1ccn(C)c1.O=C([O-])C1CCCN1,163
237,CC[n+]1ccn(C)c1.NC(Cc1ccccc1)C(=O)[O-],164
242,CC[n+]1ccn(C)c1.NC(Cc1c[nH]c2ccccc12)C(=O)[O-],165
250,CC[n+]1ccn(C)c1.NC(Cc1ccc(O)cc1)C(=O)[O-],166
226,CC[n+]1ccn(C)c1.O=C([O-])C=CC(=O)O,167
188,CC[n+]1ccn(C)c1.N#C[C-](C#N)C#N,168
197,CC[NH+]1C=CN=C1C.[O-][Cl+3]([O-])([O-])[O-],169
189,CC[NH+]1C=CN=C1C.O=S(=O)([N-]S(=O)(=O)C(F)(F)F)C(F)(F)F,170
231,CC[NH+]1C=CN=C1C.F[P-](F)(F)(F)(F)F,171
233,CCn1cc[n+](CC)c1.O=C([O-])C(F)(F)F,172
160,CCC[n+]1ccn(C)c1.F[B-](F)(F)C(F)(F)F,173
162,CCC[n+]1ccn(C)c1.F[B-](F)(F)C(F)(F)C(F)(F)F,174
199,CCC[n+]1ccn(C)c1.F[P-](F)(F)(F)(F)F,175
213,COCC[n+]1ccn(C)c1.[Cl-],176
185,COCC[n+]1ccn(C)c1.F[B-](F)(F)F,177
174,COCC[n+]1ccn(C)c1.F[B-](F)(F)C(F)(F)F,178
175,COCC[n+]1ccn(C)c1.F[B-](F)(F)C(F)(F)C(F)(F)F,179
233,COCC[n+]1ccn(C)c1.O=S(=O)([N-]S(=O)(=O)C(F)(F)F)C(F)(F)F,180
204,CCCC[n+]1ccn(C)c1.[Cl-],181
223,CCCC[n+]1ccn(C)c1.[Br-],182
253,CCCCCCCC[Si](C)(C)c1ccc([B-](c2ccc([Si](C)(C)CCCCCCCC)cc2)(c2ccc([Si](C)(C)CCCCCCCC)cc2)c2ccc([Si](C)(C)CCCCCCCC)cc2)cc1.CCCC[n+]1ccn(C)c1,183
283,CCCC[n+]1ccn(C)c1.C[Si](C)(CCC(F)(F)C(F)(F)C(F)(F)C(F)(F)C(F)(F)C(F)(F)F)c1ccc([B-](c2ccc([Si](C)(C)CCC(F)(F)C(F)(F)C(F)(F)C(F)(F)C(F)(F)C(F)(F)F)cc2)(c2ccc([Si](C)(C)CCC(F)(F)C(F)(F)C(F)(F)C(F)(F)C(F)(F)C(F)(F)F)cc2)c2ccc([Si](C)(C)CCC(F)(F)C(F)(F)C(F)(F)C(F)(F)C(F)(F)C(F)(F)F)cc2)cc1,184
165,CCCC[n+]1ccn(C)c1.F[B-](F)(F)C(F)(F)F,185
167,CCCC[n+]1ccn(C)c1.F[B-](F)(F)C(F)(F)C(F)(F)F,186
183,CCCC[n+]1ccn(C)c1.N#C[N-]C#N,187
191,CCCC[n+]1ccn(C)c1.O=S(=O)([O-])C(F)(F)F,188
239,CCCC[n+]1ccn(C)c1.O=S(=O)([O-])c1ccc2c(c1)OCCOCCOCCOCCO2,189
196,CCCC[n+]1ccn(C)c1.F[P-](F)(F)(F)(F)F,190
233,CCCC[n+]1ccn(C)c1.O=C([O-])C(F)(F)F,191
233,CCCC[n+]1ccn(C)c1.O=C([O-])C(F)(F)C(F)(F)C(F)(F)F,192
201,CCCC[n+]1ccn(C)c1.O=C([O-])c1ccccc1,193
190,Cn1cc[n+](CCCCO)c1.[Br-],194
193,CCCCC[n+]1ccn(C)c1.F[P-](F)(F)(F)(F)F,195
188,COCCOCC[n+]1ccn(C)c1.[Cl-],196
187,COCCOCC[n+]1ccn(C)c1.F[B-](F)(F)F,197
186,COCCOCC[n+]1ccn(C)c1.F[B-](F)(F)C(F)(F)F,198
183,COCCOCC[n+]1ccn(C)c1.F[B-](F)(F)C(F)(F)C(F)(F)F,199
206,COCCOCC[n+]1ccn(C)c1.F[P-](F)(F)(F)(F)F,200
224,CCCCCC[n+]1ccn(C)c1.[Br-],201
173,CCCCCC[n+]1ccn(C)c1.F[B-](F)(F)C(F)(F)F,202
173,CCCCCC[n+]1ccn(C)c1.F[B-](F)(F)C(F)(F)C(F)(F)F,203
193,CCCCCC[n+]1ccn(C)c1.F[P-](F)(F)(F)(F)F,204
198,CCCCCC[n+]1ccn(C)c1.O=C([O-])c1ccccc1,205
193,CCCCCCC[n+]1ccn(C)c1.F[B-](F)(F)F,206
188,CCCCCCC[n+]1ccn(C)c1.O=S(=O)([N-]S(=O)(=O)C(F)(F)F)C(F)(F)F,207
189,CCCCCCC[n+]1ccn(C)c1.F[P-](F)(F)(F)(F)F,208
186,CCCCCCCC[n+]1ccn(C)c1.[Cl-],209
224,CCCCCCCC[n+]1ccn(C)c1.[Br-],210
192,CCCCCCCC[n+]1ccn(C)c1.F[B-](F)(F)F,211
189,CCCCCCCC[n+]1ccn(C)c1.O=S(=O)([N-]S(=O)(=O)C(F)(F)F)C(F)(F)F,212
262,CCCCCCCC[n+]1ccn(C)c1.O=S(=O)([O-])c1ccc2c(c1)OCCOCCOCCOCCO2,213
202,CCCCCCCC[n+]1ccn(C)c1.F[P-](F)(F)(F)(F)F,214
214,Cn1cc[n+](CCc2ccccc2)c1.O=S(=O)([N-]S(=O)(=O)C(F)(F)F)C(F)(F)F,215
196,CCCCCCCCC[n+]1ccn(C)c1.F[B-](F)(F)F,216
190,CCCCCCCCC[n+]1ccn(C)c1.O=S(=O)([N-]S(=O)(=O)C(F)(F)F)C(F)(F)F,217
207,CCCCCCCCC[n+]1ccn(C)c1.F[P-](F)(F)(F)(F)F,218
190,CCCCCCCCCC[n+]1ccn(C)c1.O=S(=O)([N-]S(=O)(=O)C(F)(F)F)C(F)(F)F,219
250,CCCCCCCCCC[n+]1ccn(C)c1.N#C[N-]C#N,220
204,CCCCCCCCCC[n+]1ccn(C)c1.O=C1[N-]S(=O)(=O)c2ccccc21,221
202,CCCCCCCCCC[n+]1ccn(C)c1.F[P-](F)(F)(F)(F)F,222
175,COC[n+]1ccn(C)c1.F[B-](F)(F)C(F)(F)C(F)(F)F,223
233,CCC[n+]1ccn(C(F)(F)C(F)F)c1.F[B-](F)(F)F,224
210,CCC[n+]1ccn(C(F)(F)C(F)F)c1.O=S(=O)([N-]S(=O)(=O)C(F)(F)F)C(F)(F)F,225
218,CCCC[n+]1ccn(C(F)(F)C(F)F)c1.F[B-](F)(F)F,226
208,CCCC[n+]1ccn(C(F)(F)C(F)F)c1.O=S(=O)([N-]S(=O)(=O)C(F)(F)F)C(F)(F)F,227
216,CCOC(=O)C(C)[n+]1ccn(C)c1.O=S(=O)([N-]S(=O)(=O)C(F)(F)F)C(F)(F)F,228
217,CCOC(=O)C(C)[n+]1ccn(C)c1.O=S(=O)([N-]S(=O)(=O)C(F)(F)C(F)(F)F)C(F)(F)C(F)(F)F,229
219,CCOC(=O)C(C)[n+]1ccn(C)c1.O=S(=O)([N-]S(=O)(=O)C(F)(F)C(F)(F)C(F)(F)C(F)(F)F)C(F)(F)F,230
223,CCOC(=O)C(C)[n+]1ccn(C)c1.O=S(=O)([O-])C(F)(F)F,231
215,CCOC(=O)C(C)[n+]1ccn(C)c1.F[P-](F)(F)(F)(F)F,232
231,CCCCCCCCOCn1cc[n+](COCCCCCCCC)c1.O=S(=O)([N-]S(=O)(=O)C(F)(F)F)C(F)(F)F,233
162,Cn1cc[n+](CCO)c1.[Cl-],234
200,Cn1cc[n+](CCO)c1.F[B-](F)(F)F,235
196,Cn1cc[n+](CCO)c1.O=S(=O)([N-]S(=O)(=O)C(F)(F)F)C(F)(F)F,236
201,Cn1cc[n+](CCO)c1.F[P-](F)(F)(F)(F)F,237
232,C[n+]1ccn(CCO[Si](C)(C)C)c1.I[I-]I,238
234,CCC(=O)C[n+]1ccn(CCC(F)(F)F)c1.O=S(=O)([N-]S(=O)(=O)C(F)(F)F)C(F)(F)F,239
206,CCCC[NH+]1C=CN(CCCP(=O)(OCC)OCC)C1.F[B-](F)(F)F,240
214,CCCC[NH+]1C=CN(CCCP(=O)(OCC)OCC)C1.F[P-](F)(F)(F)(F)F,241
190,CCCCCC[NH+]1C=CN(CCP(=O)(OCC)OCC)C1.F[B-](F)(F)F,242
204,CCCCCC[NH+]1C=CN(CCP(=O)(OCC)OCC)C1.F[P-](F)(F)(F)(F)F,243
195,CCCCCC[NH+]1C=CN(CCCP(=O)(OCC)OCC)C1.F[B-](F)(F)F,244
206,CCCCCC[NH+]1C=CN(CCCP(=O)(OCC)OCC)C1.F[P-](F)(F)(F)(F)F,245
188,CCCCCCCC[NH+]1C=CN(CCP(=O)(OCC)OCC)C1.F[B-](F)(F)F,246
200,CCCCCCCC[NH+]1C=CN(CCP(=O)(OCC)OCC)C1.F[P-](F)(F)(F)(F)F,247
201,CCCCCCCC[NH+]1C=CN(CCCP(=O)(OCC)OCC)C1.F[B-](F)(F)F,248
177,CCCCCCCC[NH+]1C=CN(CCCP(=O)(OCC)OCC)C1.F[P-](F)(F)(F)(F)F,249
216,CC(C)=CCCC(C)CCN1C=C[NH+](C)C1.[Br-],250
200,CC(C)=CCCC(C)CCN1C=C[NH+](C)C1.F[B-](F)(F)F,251
221,CCCC[NH+]1C=CN(CCC(C)CCC=C(C)C)C1.[Br-],252
203,CCCCCCCCCCCC[NH+]1C=CN(CCC(C)CCC=C(C)C)C1.[Br-],253
217,CC(C)=CCCC(C)CCN1C=C[NH+](CCC(C)CCC=C(C)C)C1.[Br-],254
198,C=CC(=O)OCCCCCCn1cc[n+](C)c1.O=S(=O)([N-]S(=O)(=O)C(F)(F)F)C(F)(F)F,255
192,C=CC(=O)OCCCCCCn1cc[n+](CC)c1.O=S(=O)([N-]S(=O)(=O)C(F)(F)F)C(F)(F)F,256
204,CC(O)C[n+]1ccn(C)c1.[Cl-],257
205,CC(O)C[n+]1ccn(C)c1.O=S(=O)([N-]S(=O)(=O)C(F)(F)F)C(F)(F)F,258
194,CC(O)C[n+]1ccn(C)c1.O=[N+]([O-])[O-],259
185,CC(O)C[n+]1ccn(C)c1.F[P-](F)(F)(F)(F)F,260
229,CCCC[n+]1ccn(CCCNCc2ccccc2O)c1.O=S(=O)([N-]S(=O)(=O)C(F)(F)F)C(F)(F)F,261
234,CCCC[n+]1ccn(CCCNCc2ccccc2O)c1.F[P-](F)(F)(F)(F)F,262
221,Cn1cc[n+](CC(Br)CBr)c1.O=S(=O)([N-]S(=O)(=O)C(F)(F)F)C(F)(F)F,263
218,Cn1cc[n+](CCC(F)(Br)C(F)(F)Br)c1.O=S(=O)([N-]S(=O)(=O)C(F)(F)F)C(F)(F)F,264
238,BrC=C(Br)Cn1cc[n+](CC(Br)CBr)c1.O=S(=O)([N-]S(=O)(=O)C(F)(F)F)C(F)(F)F,265
239,BrCC(Br)Cn1cc[n+](CC(Br)CBr)c1.O=S(=O)([N-]S(=O)(=O)C(F)(F)F)C(F)(F)F,266
249,BrCC(Br)Cn1cc[n+](C(Br)CBr)c1.O=S(=O)([N-]S(=O)(=O)C(F)(F)F)C(F)(F)F,267
241,FC(F)(Br)C(F)(Br)CCn1cc[n+](CC(Br)CBr)c1.O=S(=O)([N-]S(=O)(=O)C(F)(F)F)C(F)(F)F,268
228,N#C[N-]C#N.c1ccc(Cn2cc[n+](Cc3ccccc3)c2)cc1,269
263,O=C1[N-]S(=O)(=O)c2ccccc21.c1ccc(Cn2cc[n+](Cc3ccccc3)c2)cc1,270
236,O=C([O-])C(F)(F)F.c1ccc(Cn2cc[n+](Cc3ccccc3)c2)cc1,271
232,N#C[S-].c1ccc(Cn2cc[n+](Cc3ccccc3)c2)cc1,272
191,CCCn1cc[n+](C)c1C.O=S(=O)([N-]S(=O)(=O)C(F)(F)F)C(F)(F)F,273
205,CCCC[n+]1ccn(C)c1C.F[B-](F)(F)F,274
215,CCCC[n+]1ccn(C)c1C.F[P-](F)(F)(F)(F)F,275
203,CCCC[n+]1ccn(C)c1C.O=C([O-])c1ccccc1,276
199,CCCCCC[n+]1ccn(C)c1C.O=S(=O)([N-]S(=O)(=O)C(F)(F)F)C(F)(F)F,277
205,C=CC(=O)OCCCCCCn1cc[n+](CC)c1C.O=S(=O)([N-]S(=O)(=O)C(F)(F)F)C(F)(F)F,278
249,Cn1c[n+](CC(Br)CBr)c(Br)c1Br.O=S(=O)([N-]S(=O)(=O)C(F)(F)F)C(F)(F)F,279
257,Cn1c[n+](CC(Br)CBr)c(I)c1I.O=S(=O)([N-]S(=O)(=O)C(F)(F)F)C(F)(F)F,280
270,BrCC(Br)Cn1c[n+](CC(Br)CBr)c(I)c1I.O=S(=O)([N-]S(=O)(=O)C(F)(F)F)C(F)(F)F,281
213,CCCC[n+]1nn(C)c2ccccc21.O=S(=O)([N-]S(=O)(=O)C(F)(F)F)C(F)(F)F,282
208,CCCC[n+]1nn(C)c2ccccc21.N#C[N-]C#N,283
235,CCCC[n+]1nn(C)c2ccccc21.CS(=O)(=O)[O-],284
246,Cn1n[n+](Cc2ccccc2)c2ccccc21.O=S(=O)([N-]S(=O)(=O)C(F)(F)F)C(F)(F)F,285
239,Cn1n[n+](Cc2ccccc2)c2ccccc21.N#C[N-]C#N,286
261,CS(=O)(=O)[O-].Cn1n[n+](Cc2ccccc2)c2ccccc21,287
221,Cn1cn[n+](CCN=[N+]=[N-])c1.[O-][Cl+3]([O-])([O-])[O-],288
216,Cn1cn[n+](CCN=[N+]=[N-])c1.O=[N+]([O-])[O-],289
228,C[n+]1cn(CCN=[N+]=[N-])cn1.[Br-],290
217,[N-]=[N+]=NCC[NH+]1C=NC=N1.[O-][Cl+3]([O-])([O-])[O-],291
219,O=[N+]([O-])[O-].[N-]=[N+]=NCC[NH+]1C=NC(N=[N+]=[N-])=N1,292
227,[N-]=[N+]=NCC[n+]1cn(N)cn1.[O-][Cl+3]([O-])([O-])[O-],293
215,C[n+]1cn(CCC(F)(F)F)cn1.O=S(=O)([N-]S(=O)(=O)C(F)(F)F)C(F)(F)F,294
206,CCCC[n+]1cn(CCC(F)(F)F)cn1.O=S(=O)([N-]S(=O)(=O)C(F)(F)F)C(F)(F)F,295
206,CCCCCCC[n+]1cn(CCC(F)(F)F)cn1.O=S(=O)([N-]S(=O)(=O)C(F)(F)F)C(F)(F)F,296
205,CCCCCCCCCC[n+]1cn(CCC(F)(F)F)cn1.O=S(=O)([N-]S(=O)(=O)C(F)(F)F)C(F)(F)F,297
203,CCCCCCC[n+]1cn(C(C)F)cn1.O=S(=O)([N-]S(=O)(=O)C(F)(F)F)C(F)(F)F,298
211,CCCCCCCCCC[n+]1cn(C(C)F)cn1.O=S(=O)([N-]S(=O)(=O)C(F)(F)F)C(F)(F)F,299
221,CCCCCCCn1c[n+](CC(O)C(F)(F)F)cn1.O=S(=O)([N-]S(=O)(=O)C(F)(F)F)C(F)(F)F,300
226,CCCCCCCCCCn1c[n+](CC(O)C(F)(F)F)cn1.O=S(=O)([N-]S(=O)(=O)C(F)(F)F)C(F)(F)F,301
342,CCCC[NH+]1C=C(CCC(F)=C(F)F)N=N1.[Br-],302
251,CCCC[NH+]1C=C(CCC(F)=C(F)F)N=N1.O=S(=O)([N-]S(=O)(=O)C(F)(F)F)C(F)(F)F,303
217,CCCCCCC[NH+]1C=C(CCC(F)=C(F)F)N=N1.O=S(=O)([N-]S(=O)(=O)C(F)(F)F)C(F)(F)F,304
232,CCCCn1c[n+](CCCCS(=O)(=O)O)cn1.O=S(=O)([O-])C(F)(F)F,305
229,CCCCCCCn1c[n+](CCCCS(=O)(=O)O)cn1.O=S(=O)([N-]S(=O)(=O)C(F)(F)F)C(F)(F)F,306
232,CCCCCCCn1c[n+](CCCCS(=O)(=O)O)cn1.O=S(=O)([O-])C(F)(F)F,307
205,CCCCn1c[n+](C(=O)C(F)(F)C(F)(F)C(F)(F)C(=O)O)cn1.O=S(=O)([O-])C(F)(F)F,308
234,CCCCCCCn1c[n+](C(=O)C(F)(F)C(F)(F)C(F)(F)C(=O)O)cn1.O=S(=O)([O-])C(F)(F)F,309
239,Cn1c[n+](C)cn1.[O-][Cl+3]([O-])([O-])[O-],310
213,C[n+]1cn(N)cn1.O=[N+]([O-])[O-],311
238,O=C([O-])C1([N+](=O)[O-])N=NN=N1.[N-]=[N+]=NC1=N[NH2+]C=N1,312
238,CCCC[n+]1nn(CC)c2ccccc21.[Br-],313
218,CCCC[n+]1nn(CC)c2ccccc21.F[B-](F)(F)F,314
223,Nn1cn[n+](CCO)c1.[N-]=[N+]=[N-],315
216,C=CC[n+]1cn(N)cn1.[N-]=[N+]=[N-],316
211,C=CCn1cc[n+](N)n1.[N-]=[N+]=[N-],317
171,CC[N+]1(C)CCCC1.O=S(=O)([N-]S(=O)(=O)C(F)(F)F)C(F)(F)F,318
209,CC[N+]1(C)CCCC1.CS(=O)(=O)[N-]S(C)(=O)=O,319
167,CC[N+]1(C)CCCC1.CS(=O)(=O)[O-],320
210,CCC[N+]1(C)CCCC1.CS(=O)(=O)[N-]S(C)(=O)=O,321
201,CCC[N+]1(C)CCCC1.CS(=O)(=O)[O-],322
235,CCCC[N+]1(C)CCCC1.O=C1O[B-]2(OC1=O)OC(=O)C(=O)O2,323
167,CCCC[N+]1(C)CCCC1.N#C[N-]C#N,324
205,CCCC[N+]1(C)CCCC1.CS(=O)(=O)[O-],325
194,CCCC[N+]1(C)CCCC1.O=S(=O)([O-])C(F)(F)C(F)(F)C(F)(F)C(F)(F)F,326
173,CCCCCC[N+]1(C)CCCC1.N#C[N-]C#N,327
196,C=CC(=O)OCCCCCC[N+]1CCCC1.O=S(=O)([N-]S(=O)(=O)C(F)(F)F)C(F)(F)F,328
165,CC(=O)[O-].C[NH+]1CCCC1,329
157,C[NH+]1CCCC1.O=C[O-],330
159,COC[N+]1(C)CCCC1.F[B-](F)(F)F,331
180,COCC[N+]1(C)CCCC1.F[B-](F)(F)F,332
182,COCC[N+]1(C)CCCC1.O=S(=O)([N-]S(=O)(=O)C(F)(F)F)C(F)(F)F,333
190,CCC[N+]1(C)CCCCC1.O=C([N-]S(=O)(=O)C(F)(F)F)C(F)(F)F,334
188,CO[N+]1(C)CCCCC1.O=S(=O)([N-]S(=O)(=O)C(F)(F)F)C(F)(F)F,335
196,COCC[N+]1(C)CCCCC1.F[B-](F)(F)F,336
191,COCC[N+]1(C)CCCCC1.O=S(=O)([N-]S(=O)(=O)C(F)(F)F)C(F)(F)F,337
181,COCC[N+]1(C)CCCCC1.F[B-](F)(F)C(F)(F)C(F)(F)C(F)(F)F,338
191,COCCOCC[N+]1(C)CCCCC1.O=S(=O)([N-]S(=O)(=O)C(F)(F)F)C(F)(F)F,339
207,C=CC(=O)OCCCCCC[N+]1(C)CCCCC1.O=S(=O)([N-]S(=O)(=O)C(F)(F)F)C(F)(F)F,340
201,CCC[NH+]1CCC=C1C.O=S(=O)([N-]S(=O)(=O)C(F)(F)F)C(F)(F)F,341
209,CCCC[NH+]1CCC=C1C.O=S(=O)([N-]S(=O)(=O)C(F)(F)F)C(F)(F)F,342
198,C=CC(=O)OCCCCCC[N+]1=C(C)CCC1.O=S(=O)([N-]S(=O)(=O)C(F)(F)F)C(F)(F)F,343
206,CCCC[n+]1ccccc1.F[B-](F)(F)F,344
252,CCCC[n+]1ccccc1.O=C1O[B-]2(OC1=O)OC(=O)C(=O)O2,345
200,CCCC[n+]1ccccc1.O=C([O-])c1ccccc1,346
196,CCCCCC[n+]1ccccc1.O=S(=O)([N-]S(=O)(=O)C(F)(F)F)C(F)(F)F,347
208,CCCC[n+]1ccc(C)cc1.O=C([O-])c1ccccc1,348
226,CC(C)=CCCC(C)CC[n+]1ccccc1.[Br-],349
209,CC[n+]1ccccc1.O=C([O-])c1ccccc1,350
202,CCOS(=O)(=O)[O-].CC[n+]1cccc(C)c1,351
229,CCOC(=O)c1ccc[n+](CC)c1.CCOS(=O)(=O)[O-],352
237,CCCC[n+]1cccc(C)c1.[Br-],353
197,CCCC[n+]1cccc(C)c1.F[B-](F)(F)F,354
189,CCCC[n+]1cccc(C)c1.O=S(=O)([N-]S(=O)(=O)C(F)(F)F)C(F)(F)F,355
249,CCCC[n+]1cc(C)cc(C)c1.[Br-],356
215,CCCCOC(=O)c1ccc[n+](CCCC)c1.O=S(=O)([N-]S(=O)(=O)C(F)(F)F)C(F)(F)F,357
236,CCCCCC[n+]1cccc(C)c1.[Br-],358
191,CCCCCC[n+]1cccc(C)c1.O=S(=O)([N-]S(=O)(=O)C(F)(F)F)C(F)(F)F,359
197,CCCCCC[n+]1cc(C)cc(C)c1.O=S(=O)([N-]S(=O)(=O)C(F)(F)F)C(F)(F)F,360
207,CCCCCC[n+]1cc(C)cc(C)c1CC.O=S(=O)([N-]S(=O)(=O)C(F)(F)F)C(F)(F)F,361
206,CCCCCC[n+]1cc(CC)cc(CC)c1CCC.O=S(=O)([N-]S(=O)(=O)C(F)(F)F)C(F)(F)F,362
204,CCCCCC[n+]1ccc(N(C)C)cc1.O=S(=O)([N-]S(=O)(=O)C(F)(F)F)C(F)(F)F,363
271,CCCCCC[n+]1ccc(N(C)C)c(C)c1.[Br-],364
201,CCCCCC[n+]1ccc(N(C)C)c(C)c1.O=S(=O)([N-]S(=O)(=O)C(F)(F)F)C(F)(F)F,365
306,CCCCCC[n+]1ccc(N2CCC(C)CC2)cc1.[Br-],366
218,CCCCCC[n+]1ccc(N2CCC(C)CC2)cc1.O=S(=O)([N-]S(=O)(=O)C(F)(F)F)C(F)(F)F,367
193,CCCCCCCC[n+]1cccc(C)c1.O=S(=O)([N-]S(=O)(=O)C(F)(F)F)C(F)(F)F,368
240,[Cl-].c1cc[n+](CC2CO2)cc1,369
213,NCC(O)C[n+]1ccccc1.[Cl-],370
218,CCOC(N)C(O)C[n+]1ccccc1.[Cl-],371
214,CCCC[n+]1ccccc1-c1ccccn1.O=S(=O)([N-]S(=O)(=O)C(F)(F)F)C(F)(F)F,372
188,CCCC[n+]1ccc2ccccc2c1.O=S(=O)([N-]S(=O)(=O)C(F)(F)C(F)(F)F)C(F)(F)C(F)(F)F,373
189,CCCCCC[n+]1ccc2ccccc2c1.O=S(=O)([N-]S(=O)(=O)C(F)(F)C(F)(F)F)C(F)(F)C(F)(F)F,374
218,CCCCCCCC[n+]1ccc2ccccc2c1.O=S(=O)([N-]S(=O)(=O)C(F)(F)C(F)(F)F)C(F)(F)C(F)(F)F,375
195,CCCCCCCCCC[n+]1ccc2ccccc2c1.O=S(=O)([N-]S(=O)(=O)C(F)(F)C(F)(F)F)C(F)(F)C(F)(F)F,376
197,CCCCCCCCCCCC[n+]1ccc2ccccc2c1.O=S(=O)([N-]S(=O)(=O)C(F)(F)C(F)(F)F)C(F)(F)C(F)(F)F,377
206,CCCCCCCCCCCCCC[n+]1ccc2ccccc2c1.O=S(=O)([N-]S(=O)(=O)C(F)(F)C(F)(F)F)C(F)(F)C(F)(F)F,378
211,CCCCCCCCCCCCCCCC[n+]1ccc2ccccc2c1.O=S(=O)([N-]S(=O)(=O)C(F)(F)C(F)(F)F)C(F)(F)C(F)(F)F,379
248,CCCCCCCCCCCCCCCCCC[n+]1ccc2ccccc2c1.FC(F)(F)c1cc([B-](c2cc(C(F)(F)F)cc(C(F)(F)F)c2)(c2cc(C(F)(F)F)cc(C(F)(F)F)c2)c2cc(C(F)(F)F)cc(C(F)(F)F)c2)cc(C(F)(F)F)c1,380
214,CCCCCCCCCCCCCCCCCC[n+]1ccc2ccccc2c1.O=S(=O)([N-]S(=O)(=O)C(F)(F)C(F)(F)F)C(F)(F)C(F)(F)F,381
205,CCCC[N+]1=C(C(C)C)SCC1CC.O=S(=O)([N-]S(=O)(=O)C(F)(F)F)C(F)(F)F,382
171,CC[S+](CC)CC.O=C([N-]S(=O)(=O)C(F)(F)F)C(F)(F)F,383
180,CC[S+](CC)CC.O=S(=O)([N-]S(=O)(=O)C(F)(F)C(F)(F)F)C(F)(F)C(F)(F)F,384
241,COC=C(C)[NH+](C)C.O=C1O[B-]2(OC1=O)OC(=O)C(=O)O2,385
178,CCC[N+](C)(C)CC.O=S(=O)([N-]S(=O)(=O)C(F)(F)F)C(F)(F)F,386
192,CCCC[N+](C)(C)C.O=S(=O)([N-]S(=O)(=O)C(F)(F)F)C(F)(F)F,387
233,CCOC=C(C)[NH+](C)C.O=C1O[B-]2(OC1=O)OC(=O)C(=O)O2,388
237,CC[N+](C)(C)CCOC.O=C1O[B-]2(OC1=O)OC(=O)C(=O)O2,389
228,CCOCC[N+](C)(C)CC.O=C1O[B-]2(OC1=O)OC(=O)C(=O)O2,390
181,CCCC[N+](C)(C)CC.O=S(=O)([N-]S(=O)(=O)C(F)(F)F)C(F)(F)F,391
229,CCCC[N+](C)(C)CC.O=C1O[B-]2(OC1=O)OC(=O)C(=O)O2,392
190,CCCC[N+](C)(C)CCC.O=S(=O)([N-]S(=O)(=O)C(F)(F)F)C(F)(F)F,393
186,CCCC[N+](C)(C)CCC.N#C[C-](C#N)C#N,394
199,CCCCCC[N+](C)(C)C.O=S(=O)([N-]S(=O)(=O)C(F)(F)F)C(F)(F)F,395
200,CCCCCCC[N+](C)(C)C.O=S(=O)([N-]S(=O)(=O)C(F)(F)F)C(F)(F)F,396
200,CCCCCCCC[N+](C)(C)C.O=S(=O)([N-]S(=O)(=O)C(F)(F)F)C(F)(F)F,397
192,CCCCCC[N+](CC)(CC)CC.O=S(=O)([N-]S(=O)(=O)C(F)(F)F)C(F)(F)F,398
191,CCCCCC[N+](CC)(CC)CC.N#C[N-]C#N,399
194,CCCCCCC[N+](CC)(CC)CC.O=S(=O)([N-]S(=O)(=O)C(F)(F)F)C(F)(F)F,400
199,CCCCCCCC[N+](CC)(CC)CC.O=S(=O)([N-]S(=O)(=O)C(F)(F)F)C(F)(F)F,401
191,CCCCCCC[N+](CC)(C(C)C)C(C)C.O=S(=O)([N-]S(=O)(=O)C(F)(F)F)C(F)(F)F,402
211,CCCCC(CC)COC(=O)CC(C(=O)OCC(CC)CCCC)S(=O)(=O)[O-].CCCC[N+](CCCC)(CCCC)CCCC,403
205,CCCCCC[N+](CCCC)(CCCC)CCCC.O=S(=O)([N-]S(=O)(=O)C(F)(F)F)C(F)(F)F,404
231,CCCCCC[N+](CCCC)(CCCC)CCCC.CS(=O)(=O)[N-]S(C)(=O)=O,405
233,CCCCCC[N+](CCCC)(CCCC)CCCC.Cc1ccc(S(=O)(=O)[O-])cc1,406
206,CCCCCCC[N+](CCCC)(CCCC)CCCC.O=S(=O)([N-]S(=O)(=O)C(F)(F)F)C(F)(F)F,407
218,CCCCCCC[N+](CCCC)(CCCC)CCCC.O=S(=O)([O-])C(F)(F)F,408
210,CCCCCCCC[N+](CCCC)(CCCC)CCCC.O=S(=O)([N-]S(=O)(=O)C(F)(F)F)C(F)(F)F,409
216,CCCCCCCC[N+](CCCC)(CCCC)CCCC.O=S(=O)([O-])C(F)(F)F,410
196,CCCCCC[N+](CCCCCC)(CCCCCC)CCCCCC.O=S(=O)([N-]S(=O)(=O)C(F)(F)F)C(F)(F)F,411
223,CC[N+](C)(C)COC1CC(C)CCC1C(C)C.O=S(=O)([N-]S(=O)(=O)C(F)(F)F)C(F)(F)F,412
223,CCCC[N+](C)(C)COC1CC(C)CCC1C(C)C.O=S(=O)([N-]S(=O)(=O)C(F)(F)F)C(F)(F)F,413
223,CCCCCC[N+](C)(C)COC1CC(C)CCC1C(C)C.O=S(=O)([N-]S(=O)(=O)C(F)(F)F)C(F)(F)F,414
220,CCCCCCC[N+](C)(C)COC1CC(C)CCC1C(C)C.O=S(=O)([N-]S(=O)(=O)C(F)(F)F)C(F)(F)F,415
220,CCCCCCCC[N+](C)(C)COC1CC(C)CCC1C(C)C.O=S(=O)([N-]S(=O)(=O)C(F)(F)F)C(F)(F)F,416
220,CCCCCCCCC[N+](C)(C)COC1CC(C)CCC1C(C)C.O=S(=O)([N-]S(=O)(=O)C(F)(F)F)C(F)(F)F,417
219,CCCCCCCCCC[N+](C)(C)COC1CC(C)CCC1C(C)C.O=S(=O)([N-]S(=O)(=O)C(F)(F)F)C(F)(F)F,418
219,CCCCCCCCCCC[N+](C)(C)COC1CC(C)CCC1C(C)C.O=S(=O)([N-]S(=O)(=O)C(F)(F)F)C(F)(F)F,419
224,CC[N+](C)(CC)COC1CC(C)CCC1C(C)C.O=S(=O)([N-]S(=O)(=O)C(F)(F)F)C(F)(F)F,420
227,CC[N+](CC)(CC)COC1CC(C)CCC1C(C)C.O=S(=O)([N-]S(=O)(=O)C(F)(F)F)C(F)(F)F,421
180,CCCC[N+](C)(CC)CC.O=S(=O)([N-]S(=O)(=O)C(F)(F)F)C(F)(F)F,422
176,CC[N+](C)(C)CCOC.F[B-](F)(F)F,423
156,CC[N+](C)(C)CCOC.F[B-](F)(F)C(F)(F)C(F)(F)F,424
163,CC[N+](C)(C)CCOC.F[B-](F)(F)C(F)(F)C(F)(F)C(F)(F)C(F)(F)F,425
178,CC[N+](C)(CC)CCOC.F[B-](F)(F)F,426
178,CC[N+](C)(CC)CCOC.O=S(=O)([N-]S(=O)(=O)C(F)(F)F)C(F)(F)F,427
160,CC[N+](C)(CC)CCOC.F[B-](F)(F)C(F)(F)C(F)(F)F,428
191,CC[N+](CC)(CC)CCOC.O=S(=O)([N-]S(=O)(=O)C(F)(F)F)C(F)(F)F,429
175,CC[N+](CC)(CC)CCOC.F[B-](F)(F)C(F)(F)C(F)(F)F,430
237,CCCCCCCC[N+](C)(CCCCCCCC)CCCCCCCC.FC(F)(F)c1cc([B-](c2cc(C(F)(F)F)cc(C(F)(F)F)c2)(c2cc(C(F)(F)F)cc(C(F)(F)F)c2)c2cc(C(F)(F)F)cc(C(F)(F)F)c2)cc(C(F)(F)F)c1,431
192,CCCCCCCC[N+](C)(CCCCCCCC)CCCCCCCC.O=S(=O)([N-]S(=O)(=O)C(F)(F)F)C(F)(F)F,432
183,CCCCCCCC[N+](C)(CCCCCCCC)CCCCCCCC.N#C[N-]C#N,433
219,CCCCCCCC[N+](C)(CCCCCCCC)CCCCCCCC.O=C1[N-]S(=O)(=O)c2ccccc21,434
202,CCCCCCCC[N+](C)(CCCCCCCC)CCCCCCCC.O=C([O-])C(F)(F)F,435
215,CC(C)(C)C(=O)[C-]C(=O)C(F)(F)C(F)(F)C(F)(F)F.CC(C)[NH2+]C(C)C,436
215,CC(C)[NH2+]C(C)C.O=C([CH-]C(=O)C(F)(F)F)c1cccs1,437
343,CC(C)(C)C(=O)[C-]C(=O)C(F)(F)C(F)(F)C(F)(F)F.CC(C)C[NH2+]CC(C)C,438
423,CC(C)C[NH2+]CC(C)C.O=C([CH-]C(=O)C(F)(F)F)c1cccs1,439
193,COCCOCC[N+](C)(C)C.O=S(=O)([N-]S(=O)(=O)C(F)(F)F)C(F)(F)F,440
189,CC[NH3+].O=S(=O)([O-])O,441
167,CC[NH3+].O=C[O-],442
216,CC(O)C(=O)[O-].CC[NH3+],443
185,CCCC(=O)[O-].CC[NH3+],444
206,CC[NH3+].O=C([O-])CO,445
191,O=[N+]([O-])[O-].[NH3+]CCO,446
206,CC(=O)[O-].[NH3+]CCO,447
188,O=C[O-].[NH3+]CCO,448
220,CC(O)C(=O)[O-].[NH3+]CCO,449
229,CCOS(=O)(=O)[O-].[NH3+]CCO,450
199,F[B-](F)(F)F.O=C1CCCCC[NH2+]1,451
200,O=C([O-])C(F)(F)F.O=C1CCCCC[NH2+]1,452
218,O=C([O-])c1ccccc1.O=C1CCCCC[NH2+]1,453
239,O=C1CCCCC[NH2+]1.O=P([O-])(O)O,454
206,O=C([O-])CCl.O=C1CCCCC[NH2+]1,455
200,F[B-](F)(F)F.O=C1CCC[NH2+]1,456
197,O=C1CCC[NH2+]1.O=[N+]([O-])[O-],457
183,O=C([O-])C(F)(F)F.O=C1CCC[NH2+]1,458
210,O=C([O-])c1ccccc1.O=C1CCC[NH2+]1,459
227,O=C1CCC[NH2+]1.O=P([O-])(O)O,460
187,CCCCCCCCCC[N+](C)(C)CCCCCCCCCC.O=S(=O)([N-]S(=O)(=O)C(F)(F)F)C(F)(F)F,461
180,CCCCCCCCCC[N+](C)(C)CCCCCCCCCC.O=N[O-],462
159,C[NH3+].O=C[O-],463
178,CCCC[NH3+].O=C[O-],464
180,CCCCC[NH3+].O=C[O-],465
181,CC(C)C[NH3+].O=C[O-],466
178,CCC(C)C[NH3+].O=C[O-],467
183,CC(C)CC[NH3+].O=C[O-],468
209,CC(O)C[NH3+].O=C[O-],469
221,CC[N+](CC)(CC)Cc1ccccc1.O=S(=O)([N-]S(=O)(=O)C(F)(F)F)C(F)(F)F,470
224,CC[N+](CC)(CC)Cc1ccccc1.Cc1ccc(S(=O)(=O)[O-])cc1,471
224,CC[N+](CC)(CC)Cc1ccccc1.O=C([O-])C(F)(F)F,472
215,C[N+](C)(C)c1ccccc1.O=S(=O)([N-]S(=O)(=O)C(F)(F)F)C(F)(F)F,473
204,C[N+](C)(C)c1ccccc1.O=C([O-])C(F)(F)F,474
194,CCCCN(CC)C(N(CC)CCCC)=[N+](C)C.[Cl-],475
198,CCCCN(CC)C(N(CC)CCCC)=[N+](C)C.O=S(=O)([N-]S(=O)(=O)C(F)(F)F)C(F)(F)F,476
205,CCCCN(CC)C(N(CC)CCCC)=[N+](C)C.F[P-](F)(F)(F)(F)F,477
218,CCCCN(CCCC)C(N(CCCC)CCCC)=[N+](C)C.[Cl-],478
215,CCCCN(CCCC)C(N(CCCC)CCCC)=[N+](C)C.F[B-](F)(F)F,479
210,CCCCCCN(CCCCCC)C(N(CCCCCC)CCCCCC)=[N+](C)C.[Cl-],480
197,CCCCCCN(CCCCCC)C(N(CCCCCC)CCCCCC)=[N+](C)C.F[B-](F)(F)F,481
201,CCCCCCN(CCCCCC)C(N(CCCCCC)CCCCCC)=[N+](C)C.O=S(=O)([N-]S(=O)(=O)C(F)(F)F)C(F)(F)F,482
196,CCCCCCN(CCCCCC)C(N(CCCCCC)CCCCCC)=[N+](C)C.N#C[N-]C#N,483
194,CCCCCCN(CCCCCC)C(N(CCCCCC)CCCCCC)=[N+](C)C.O=S(=O)([O-])C(F)(F)F,484
203,CCCCCCN(CCCCCC)C(N(CCCCCC)CCCCCC)=[N+](C)C.Cc1ccc(S(=O)(=O)[O-])cc1,485
212,CCCCCCN(CCCCCC)C(N(CCCCCC)CCCCCC)=[N+](C)C.F[P-](F)(F)(F)(F)F,486
192,CCCCCCN(CCCCCC)C(N(CCCCCC)CCCCCC)=[N+](C)C.O=C([O-])C(F)(F)F,487
216,CCCCCCN(CCCCCC)C(N(CCCCCC)CCCCCC)=[N+](C)C.O=C1[N-]S(=O)(=O)c2ccccc21,488
201,CCCCCCN(CCCCCC)C(N(CCCCCC)CCCCCC)=[N+](C)C.N#C[S-],489
197,CCCCCCCCN(CCCCCCCC)C(N(CCCCCCCC)CCCCCCCC)=[N+](C)C.[Cl-],490
198,CCCCCCCCN(CCCCCCCC)C(N(CCCCCCCC)CCCCCCCC)=[N+](C)C.F[B-](F)(F)F,491
195,CCCCCCCCN(CCCCCCCC)C(N(CCCCCCCC)CCCCCCCC)=[N+](C)C.F[P-](F)(F)(F)(F)F,492
214,CCCC[N+](C)=c1n(C)cnn1C.[O-][Cl+3]([O-])([O-])[O-],493
204,CCCC[N+](C)=c1n(C)cnn1C.O=[N+]([O-])[O-],494
207,CCCC[N+](C)=c1n(C)cnn1C.O=[N+]([O-])[N-][N+](=O)[O-],495
203,CCC[N+](C)=C1N(C)CCCN1C.[O-][Cl+3]([O-])([O-])[O-],496
197,CCCCCCCCCCCCCC[P+](CCCCCC)(CCCCCC)CCCCCC.O=S(=O)([N-]S(=O)(=O)C(F)(F)F)C(F)(F)F,497
206,CCCCCCCCCCCCCC[P+](CCCCCC)(CCCCCC)CCCCCC.N#C[N-]C#N,498
205,CCCCCCCCCCCCCC[P+](CCCCCC)(CCCCCC)CCCCCC.O=S(=O)([O-])C(F)(F)C(F)(F)C(F)(F)C(F)(F)F,499
198,CCCCCCCCCCCCCC[P+](CCCCCC)(CCCCCC)CCCCCC.O=C([O-])c1ccccc1,500
208,CCCCCCCCCCCCCC[P+](CCCCCC)(CCCCCC)CCCCCC.N#C[C-](C#N)C#N,501
198,CCCC[P+](CCCC)(CCCC)CCCC.NCC(=O)[O-],502
198,CC(N)C(=O)[O-].CCCC[P+](CCCC)(CCCC)CCCC,503
212,CCCC[P+](CCCC)(CCCC)CCCC.NC(CO)C(=O)[O-],504
208,CCCC[P+](CCCC)(CCCC)CCCC.NCCCCC(N)C(=O)[O-],505
200,CC1=CC(=O)[N-]S(=O)(=O)O1.CCCCCC[P+](CC)(CCCCCC)CCCCCC,506
201,CC1=CC(=O)[N-]S(=O)(=O)O1.CCCCCC[P+](CCC)(CCCCCC)CCCCCC,507
202,CC1=CC(=O)[N-]S(=O)(=O)O1.CCCCCC[P+](CCCC)(CCCCCC)CCCCCC,508
207,CC1=CC(=O)[N-]S(=O)(=O)O1.CCCCCC[P+](CCCCCC)(CCCCCC)CCCCCC,509
204,CC1=CC(=O)[N-]S(=O)(=O)O1.CCCCCCC[P+](CCCCCC)(CCCCCC)CCCCCC,510
203,CC1=CC(=O)[N-]S(=O)(=O)O1.CCCCCCCC[P+](CCCCCC)(CCCCCC)CCCCCC,511
203,CC1=CC(=O)[N-]S(=O)(=O)O1.CCCCCCCCCC[P+](CCCCCC)(CCCCCC)CCCCCC,512
201,CC1=CC(=O)[N-]S(=O)(=O)O1.CCCCCCCCCCCC[P+](CCCCCC)(CCCCCC)CCCCCC,513
203,CC1=CC(=O)[N-]S(=O)(=O)O1.CCCCCCCCCCCCCCCC[P+](CCCCCC)(CCCCCC)CCCCCC,514
213,CCCCCCCCCCCCCC[P+](CCCC)(CCCC)CCCC.O=S(=O)([N-]S(=O)(=O)C(F)(F)F)C(F)(F)F,515
214,C[N+]1(CCO)CCOCC1.F[B-](F)(F)F,516
188,C[N+]1(CCO)CCOCC1.F[P-](F)(F)(F)(F)F,517
235,CCC[N+]1(C)CCOCC1.O=S(=O)([N-]S(=O)(=O)C(F)(F)F)C(F)(F)F,518
222,C[N+]1(CCCF)CCOCC1.O=S(=O)([N-]S(=O)(=O)C(F)(F)F)C(F)(F)F,519
220,CCOCC[N+]1(C)CCOCC1.O=S(=O)([N-]S(=O)(=O)C(F)(F)F)C(F)(F)F,520
220,C[N+]1(CCOCC(F)(F)F)CCOCC1.O=S(=O)([N-]S(=O)(=O)C(F)(F)F)C(F)(F)F,521
219,CCCCCOCC[N+]1(C)CCOCC1.O=S(=O)([N-]S(=O)(=O)C(F)(F)F)C(F)(F)F,522
220,C[N+]1(C(OCCC(F)(F)C(F)(F)C(F)F)C(F)F)CCOCC1.O=S(=O)([N-]S(=O)(=O)C(F)(F)F)C(F)(F)F,523
285,C1COCC[NH2+]1.CC(=O)[CH-]C(=O)C(F)(F)F,524
211,C1COCC[NH2+]1.O=C([CH-]C(=O)C(F)(F)F)C(F)(F)F,525
235,C1COCC[NH2+]1.CC(C)(C)C(=O)[C-]C(=O)C(F)(F)C(F)(F)C(F)(F)F,526
225,C1COCC[NH2+]1.O=C([CH-]C(=O)C(F)(F)F)c1ccco1,527
357,C1COCC[NH2+]1.O=C([CH-]C(=O)C(F)(F)F)c1cccs1,528
255,CC(=O)[CH-]C(=O)C(F)(F)F.CC(=O)[NH+]1CCOCC1,529
214,CC(=O)[NH+]1CCOCC1.O=C([CH-]C(=O)C(F)(F)F)C(F)(F)F,530
213,CCCC[N+]1(C)CCOCC1.O=S(=O)([N-]S(=O)(=O)C(F)(F)F)C(F)(F)F,531
199,CCCC[N+]1(C)CCOCC1.F[B-](F)(F)C(F)(F)F,532
200,CCCC[N+]1(C)CCOCC1.F[B-](F)(F)C(F)(F)C(F)(F)F,533
215,COCC[N+]1(C)CCOCC1.F[B-](F)(F)F,534
207,COCC[N+]1(C)CCOCC1.O=S(=O)([N-]S(=O)(=O)C(F)(F)F)C(F)(F)F,535
195,COCC[N+]1(C)CCOCC1.F[B-](F)(F)C(F)(F)C(F)(F)F,536
198,COCC[N+]1(C)CCOCC1.F[B-](F)(F)C(F)(F)C(F)(F)C(F)(F)F,537
214,Cc1n(C)nn[n+]1N.O=[N+]([O-])[O-],538
213,CCC[N+]1(C)CCOC1.O=[N+]([O-])[O-],539
217,C[N+]1(CCCF)CCOC1.F[P-](F)(F)(F)(F)F,540
198,CCCC[N+]1(C)CCOC1.F[B-](F)(F)F,541
197,CCCC[N+]1(C)CCOC1.O=S(=O)([N-]S(=O)(=O)C(F)(F)F)C(F)(F)F,542
179,CCCC[N+]1(C)CCOC1.F[B-](F)(F)C(F)(F)F,543
203,COCC[N+]1(C)CCOC1.F[B-](F)(F)F,544
200,COCC[N+]1(C)CCOC1.O=S(=O)([N-]S(=O)(=O)C(F)(F)F)C(F)(F)F,545
187,COCC[N+]1(C)CCOC1.F[B-](F)(F)C(F)(F)F,546
185,COCC[N+]1(C)CCOC1.F[B-](F)(F)C(F)(F)C(F)(F)F,547
189,COCC[N+]1(C)CCOC1.F[B-](F)(F)C(F)(F)C(F)(F)C(F)(F)F,548
191,COCC[N+]1(C)CCOC1.F[B-](F)(F)C(F)(F)C(F)(F)C(F)(F)C(F)(F)F,549
231,FC(F)(CCCC[n+]1ccccn1)C(F)(F)S(F)(F)(F)(F)F.O=S(=O)([N-]S(=O)(=O)C(F)(F)F)C(F)(F)F,550
222,CC1(C)C=[NH+]C=N1.O=C([C-]C(=O)C(F)(F)F)C(F)(F)F,551
242,CC(C)CC([NH3+])C(=O)O.O=[N+]([O-])[O-],552
247,COC(=O)C[NH3+].O=[N+]([O-])[O-],553
263,CCOC(=O)C[NH3+].O=[N+]([O-])[O-],554
239,COC(=O)C(C)[NH3+].O=[N+]([O-])[O-],555
250,CC1=CC(=O)[N-]S(=O)(=O)O1.COC(=O)C(C)[NH3+],556
238,COC(=O)C(C)[NH3+].F[P-](F)(F)(F)(F)F,557
249,CC(O)C(=O)[O-].COC(=O)C(C)[NH3+],558
241,COC(=O)C(C)[NH3+].N#C[S-],559
243,COC(=O)C([NH2+])CO.O=[N+]([O-])[O-],560
244,CC(O)C(=O)[O-].CCOC(=O)C(C)[NH2+],561
253,COC(=O)C1CCC[NH2+]1.F[B-](F)(F)F,562
251,COC(=O)C1CCC[NH2+]1.F[P-](F)(F)(F)(F)F,563
240,CCOC(=O)C([NH2+])C(C)C.O=[N+]([O-])[O-],564
241,COC(=O)C([NH2+])Cc1ccccc1.O=[N+]([O-])[O-],565
220,CCC(C)C(N)C(=O)[O-].CCCC[N+](CCCC)(CCCC)CCCC,566
256,CCCC[N+](CCCC)(CCCC)CCCC.NC(Cc1c[nH]cn1)C(=O)[O-],567
216,CCCC[N+](CCCC)(CCCC)CCCC.CSCCC(N)C(=O)[O-],568
222,C=CC[N+]1(C)CCOCC1.CC(=O)[O-],569
242,CC[N+]1(C)CCCCC1.Cc1cc(Cl)ccc1OCCCC(=O)[O-],570
240,CCC[N+]1(C)CCCCC1.Cc1cc(Cl)ccc1OCCCC(=O)[O-],571
244,CCCC[N+]1(C)CCCCC1.Cc1cc(Cl)ccc1OCCCC(=O)[O-],572
237,CCCCC[N+]1(C)CCCCC1.Cc1cc(Cl)ccc1OCCCC(=O)[O-],573
238,CCCCCC[N+]1(C)CCCCC1.Cc1cc(Cl)ccc1OCCCC(=O)[O-],574
241,CCCCCCC[N+]1(C)CCCCC1.Cc1cc(Cl)ccc1OCCCC(=O)[O-],575
231,CCCCCCCC[N+]1(C)CCCCC1.Cc1cc(Cl)ccc1OCCCC(=O)[O-],576
232,CCCCCCCCC[N+]1(C)CCCCC1.Cc1cc(Cl)ccc1OCCCC(=O)[O-],577
233,CCCCCCCCCC[N+]1(C)CCCCC1.Cc1cc(Cl)ccc1OCCCC(=O)[O-],578
233,CCCCCCCCCCC[N+]1(C)CCCCC1.Cc1cc(Cl)ccc1OCCCC(=O)[O-],579
229,CCCCCCCCCCCC[N+]1(C)CCCCC1.Cc1cc(Cl)ccc1OCCCC(=O)[O-],580
252,CCCCCCCCCCCCCC[N+]1(C)CCCCC1.Cc1cc(Cl)ccc1OCCCC(=O)[O-],581
261,CCCCCCCCCCCCCCCC[N+]1(C)CCCCC1.Cc1cc(Cl)ccc1OCCCC(=O)[O-],582
275,CCCCCCCCCCCCCCCCCC[N+]1(C)CCCCC1.Cc1cc(Cl)ccc1OCCCC(=O)[O-],583
261,Cn1cc[n+](Cc2ccccc2)c1.[Br-],584
257,Cn1cc[n+](Cc2ccccc2)c1.O=C1[N-]S(=O)(=O)c2ccccc21,585
284,CCCCCC[P+](c1ccccc1)(c1ccccc1)c1ccccc1.O=C1[N-]S(=O)(=O)c2ccccc21,586
246,CCCCCC[P+](c1ccccc1)(c1ccccc1)c1ccccc1.N#C[N-]C#N,587
280,CCCCCC[P+](c1ccccc1)(c1ccccc1)c1ccccc1.O=S(=O)([O-])c1ccccc1I,588
268,CCCCCC[P+](c1ccccc1)(c1ccccc1)c1ccccc1.O=S(=O)([O-])c1ccccc1,589
232,CCCC[P+](CCCC)(CCCC)CCCC.O=C1[N-]S(=O)(=O)c2ccccc21,590
231,CCCC[n+]1cn(C)c(I)c1I.O=S(=O)([N-]S(=O)(=O)C(F)(F)F)C(F)(F)F,591
203,CC(=O)[O-].CCCC[N+]1(C)CCOCC1,592
220,C=CC[N+](CCCC)(CCCC)CCCC.CC(=O)[O-],593
200,C=CC[N+](CC)(CC)CC.CC(=O)[O-],594
188,C=CC[N+](C)(C)C.CC(=O)[O-],595
216,C=CC[N+](CC=C)(CC=C)CC=C.CC(=O)[O-],596
207,C=CC[N+](C)(C)c1ccncc1.CC(=O)[O-],597
234,CS(=O)(=O)[O-].Cc1cc(C)[n+](-c2ccc(Cl)cc2)n1C,598
221,CS(=O)(=O)[O-].Cc1ccc(-[n+]2c(C)cc(C)n2C)cc1,599
213,COc1ccc(-[n+]2c(C)cc(C)n2C)cc1.CS(=O)(=O)[O-],600
223,COCCC[n+]1ccn(CCC#N)c1.[Br-],601
210,CC(=O)[O-].CC[N+]1(C)CCOCC1,602
218,CCC(=O)[O-].CC[N+]1(C)CCOCC1,603
228,NS(=O)(=O)[O-].OCC[NH+](CCO)CCO,604
222,CS(=O)(=O)[O-].OCC[NH+](CCO)CCO,605
207,O=S(=O)([O-])C(F)(F)F.OCC[NH+](CCO)CCO,606
232,O=S(=O)([O-])c1ccccc1.OCC[NH+](CCO)CCO,607
237,Cc1ccc(S(=O)(=O)[O-])cc1.OCC[NH+](CCO)CCO,608
254,Nc1cccc(S(=O)(=O)[O-])c1.OCC[NH+](CCO)CCO,609
276,Nc1ccc(S(=O)(=O)[O-])cc1.OCC[NH+](CCO)CCO,610
257,O=C(O)c1ccccc1S(=O)(=O)[O-].OCC[NH+](CCO)CCO,611
245,O=C([O-])c1cc(S(=O)(=O)O)ccc1O.OCC[NH+](CCO)CCO,612
208,O=C([O-])C(F)(F)F.OCC[NH2+]CCO,613
218,CC(O)C(=O)[O-].OCC[NH2+]CCO,614
209,CCCC[n+]1ccn(C)c1.F[B-](F)(F)c1ccccc1,615
210,CC[n+]1ccn(C)c1.F[B-](F)(F)c1ccccc1,616
224,CCCC[n+]1ccccc1.F[B-](F)(F)c1ccccc1,617
208,CCCC[N+]1(C)CCCC1.F[B-](F)(F)c1ccccc1,618
228,C[NH+]1CCCCC1.F[B-](F)(F)c1ccccc1,619
227,CCCC[N+](C)(CCCC)CCCC.F[B-](F)(F)c1ccccc1,620
246,CCCCCCCCC(=O)[O-].C[N+](C)(C)CCCO,621
220,CCCCCCCCC(=O)[O-].CCCC[N+](CCCC)(CCCC)CCCC,622
306,CCCCCCCCC(=O)[O-].CCCCCCCCCCCC[N+](C)(C)CCC(=O)O,623
297,CCCCCCCCC(=O)[O-].CCCCCCCCCCCCCCCCCC[N+](C)(C)C,624
274,CCCCCCCCC(=O)[O-].CCCCCCCCC=CCCCCCCCCC[NH+](CCO)CCO,625
185,CC(=O)[O-].CC[N+]1(C)CCCC1,626
193,CC[N+]1(C)CCCC1.O=C([O-])CO,627
214,C[N+]1(C)CCOCC1.O=C([O-])CO,628
197,CCCCCCCC[P+](C)(CCCCCCCC)CCCCCCCC.O=C([O-])CSCc1ccccc1,629
201,CCCCCCCC[N+](C)(CCCCCCCC)CCCCCCCC.O=C([O-])CSCc1ccccc1,630
195,CCCC[n+]1ccn(C)c1.N#C[C-](C#N)C#N,631
185,CCCC[N+]1(C)CCCC1.N#C[C-](C#N)C#N,632
202,CCCC[N+]1(C)CCCCC1.N#C[C-](C#N)C#N,633
198,CCCCCCCC[P+](CCCCCCCC)(CCCCCCCC)CCC(F)(F)C(F)(F)C(F)(F)C(F)(F)F.O=S(=O)([N-]S(=O)(=O)C(F)(F)F)C(F)(F)F,634
201,CCCCCCCC[P+](CCCCCCCC)(CCCCCCCC)CCC(F)(F)C(F)(F)C(F)(F)C(F)(F)C(F)(F)C(F)(F)F.O=S(=O)([N-]S(=O)(=O)C(F)(F)F)C(F)(F)F,635
206,CCCCCCCC[P+](CCCCCCCC)(CCCCCCCC)CCC(F)(F)C(F)(F)C(F)(F)C(F)(F)C(F)(F)C(F)(F)C(F)(F)C(F)(F)F.O=S(=O)([N-]S(=O)(=O)C(F)(F)F)C(F)(F)F,636
199,CCCCCCCC[P+](CCCCCCCC)(CCCCCCCC)CCC(F)(F)C(F)(F)C(F)(F)C(F)(F)F.N#C[C-](C#N)C#N,637
206,CCCCCCCC[P+](CCCCCCCC)(CCCCCCCC)CCC(F)(F)C(F)(F)C(F)(F)C(F)(F)C(F)(F)C(F)(F)F.N#C[C-](C#N)C#N,638
218,CCCCCCCC[P+](CCCCCCCC)(CCCCCCCC)CCC(F)(F)C(F)(F)C(F)(F)C(F)(F)C(F)(F)C(F)(F)C(F)(F)C(F)(F)F.N#C[C-](C#N)C#N,639
204,CCCCCCCC[P+](CCCCCC)(CCCCCCCC)CCCCCCCC.[Br-],640
184,CCCCCCCC[P+](CCCCCC)(CCCCCCCC)CCCCCCCC.O=S(=O)([N-]S(=O)(=O)C(F)(F)F)C(F)(F)F,641
184,CCCCCCCC[P+](CCCCCCCC)(CCCCCCCC)CCCCCCCC.O=S(=O)([N-]S(=O)(=O)C(F)(F)F)C(F)(F)F,642
184,CCCCCCCCCC[P+](CCCCCCCC)(CCCCCCCC)CCCCCCCC.O=S(=O)([N-]S(=O)(=O)C(F)(F)F)C(F)(F)F,643
185,CCCCCCCC[P+](CCCCCC)(CCCCCCCC)CCCCCCCC.N#C[N-]C#N,644
187,CCCCCCCC[P+](CCCCCC)(CCCCCCCC)CCCCCCCC.N#C[C-](C#N)C#N,645
186,CCCCCCCC[P+](CCCCCCCC)(CCCCCCCC)CCCCCCCC.N#C[C-](C#N)C#N,646
189,CCCCCCCCCC[P+](CCCCCCCC)(CCCCCCCC)CCCCCCCC.N#C[C-](C#N)C#N,647
283,O=S(=O)([N-]S(=O)(=O)C(F)(F)F)C(F)(F)F.c1ccc([P+](c2ccccc2)(c2ccccc2)c2ccc3ncccc3c2)cc1,648
282,O=S(=O)([N-]S(=O)(=O)C(F)(F)F)C(F)(F)F.c1ccc([P+](c2ccccc2)(c2ccccc2)c2ccc3cccnc3c2)cc1,649
223.8,CC(=O)CC(=O)OCCCCCCn1cc[n+](CCCCCCOC(=O)CC(C)=O)c1.[Br-],650
246.3,CC(=O)CC(=O)OCCn1cc[n+](CCOC(=O)CC(C)=O)c1.[Br-],651
211.2,CC(=O)CC(=O)OCCCCCCn1cc[n+](CCCCCCOC(=O)CC(C)=O)c1.O=C([O-])C(F)(F)F,652
213.8,CC(=O)CC(=O)OCCCCCCn1cc[n+](CCCCCCOC(=O)CC(C)=O)c1.O=[N+]([O-])[O-],653
240.4,CC(=O)CC(=O)OCCn1cc[n+](CCOC(=O)CC(C)=O)c1.O=[N+]([O-])[O-],654
211.9,CC(=O)CC(=O)OCCCCCCn1cc[n+](CCCCCCOC(=O)CC(C)=O)c1.F[B-](F)(F)F,655
207.2,CC(=O)CC(=O)OCCCCCCn1cc[n+](CCCCCCOC(=O)CC(C)=O)c1.O=S(=O)([N-]S(=O)(=O)C(F)(F)F)C(F)(F)F,656
235.8,CC(=O)CC(=O)OCCn1cc[n+](CCOC(=O)CC(C)=O)c1.O=S(=O)([N-]S(=O)(=O)C(F)(F)F)C(F)(F)F,657
247.2,CCCC[N+](CCCC)(CCCC)CCOCC.[Br-],658
224.9,CCOCC[N+](C)(C)CCOCC.[Br-],659
295.3,COc1ccc(C[N+](C)(C)Cc2ccc(OC)cc2)cc1.F[B-](F)(F)F,660
225.4,CCC[N+](CCC)(CCC)CCOCC.F[B-](F)(F)F,661
226.4,CCCC[N+](CCCC)(CCCC)CCOCC.F[B-](F)(F)F,662
218.7,CCCCC[N+](CCCCC)(CCCCC)CCOCC.F[B-](F)(F)F,663
219,O=S(=O)([N-]S(=O)(=O)C(F)(F)F)C(F)(F)F.c1ccc(C[n+]2ccccc2)cc1,664
220,O=S(=O)([N-]S(=O)(=O)C(F)(F)F)C(F)(F)F.c1cc[n+](CC2CCCCC2)cc1,665
213,C[N+]1(Cc2ccccc2)CCCC1.O=S(=O)([N-]S(=O)(=O)C(F)(F)F)C(F)(F)F,666
205,C[N+]1(CC2CCCCC2)CCCC1.O=S(=O)([N-]S(=O)(=O)C(F)(F)F)C(F)(F)F,667
191.7,CC(C)Cn1cc[n+](C)c1.O=S(=O)([N-]S(=O)(=O)C(F)(F)F)C(F)(F)F,668
189.9,CC(C)[n+]1ccn(C)c1.O=S(=O)([N-]S(=O)(=O)C(F)(F)F)C(F)(F)F,669
191.9,CC(C)CCC[n+]1ccn(C)c1.O=S(=O)([N-]S(=O)(=O)C(F)(F)F)C(F)(F)F,670
191.7,CC(C)CCCC[n+]1ccn(C)c1.O=S(=O)([N-]S(=O)(=O)C(F)(F)F)C(F)(F)F,671
189.3,CC(C)CCn1cc[n+](C)c1.O=S(=O)([N-]S(=O)(=O)C(F)(F)F)C(F)(F)F,672
244,C[N+](C)(C)CCO.O=C([O-])C(O)C(O)C(O)C(O)CO,673
221,CC(O)C(=O)[O-].C[N+](C)(C)CCO,674
199,CCC(=O)[O-].C[N+](C)(C)CCO,675
228,CCCC(=O)[O-].C[N+](C)(C)CCO,676
225,C[N+](C)(C)CCO.NCC(=O)[O-],677
260,CC(=O)[O-].C[n+]1cccc(O)c1,678
241,CC(=O)[O-].CC(C)CC[n+]1cccc(O)c1,679
254.1,CC(=O)[O-].CC[n+]1cccc(O)c1,680
265.4,CC(=O)[O-].Oc1ccc[n+](CCc2ccccc2)c1,681
267,CC(C)CC[n+]1cccc(O)c1.CC(O)C(=O)[O-],682
261.3,CC(C)CC[n+]1cccc(O)c1.O=C([O-])CCC(=O)O,683
216.2,CCCC[P+](CCCC)(CCCC)CCCC.O=C([O-])C1CCCN1,684
213.7,CC(=O)C(=O)[O-].CCCC[P+](CCCC)(CCCC)CCCC,685
253,CCCC[P+](CCCC)(CCCC)CCCC.O=C([O-])C(O)C(O)C(=O)O,686
223.7,CCCC[P+](CCCC)(CCCC)CCCC.O=C([O-])CCC(=O)O,687
232.8,CCCC[P+](CCCC)(CCCC)CCCC.O=C(O)CC(O)C(=O)[O-],688
250.5,CCCC[P+](CCCC)(CCCC)CCCC.O=C([O-])C1OC(O)C(O)C(O)C1O,689
211.1,CCCCn1cc[n+](C)c1.O=C([O-])c1ccccc1S,690
217.5,CCCn1cc[n+](C)c1.O=C([O-])c1ccccc1S,691
208.6,CCCCCCCCn1cc[n+](C)c1.O=C([O-])c1ccccc1S,692
218.2,CCCC[N+]1(C)CCCC1.O=C([O-])c1ccccc1S,693
237.2,CCCC[N+](C)(CCCC)CCCC.O=C([O-])c1ccccc1S,694
206.8,CCCCCCCCCCCCCC[P+](CCCCCC)(CCCCCC)CCCCCC.O=C([O-])c1ccccc1S,695
223.5,C[N+](C)(C)CCO.O=C([O-])c1ccccc1S,696
242.8,CCCCCCCCCC[N+]1(C)CCCC1.O=C([O-])COc1ccc(Cl)cc1Cl,697
235.8,CCCCCCCCCCCC[N+]1(C)CCCC1.O=C([O-])COc1ccc(Cl)cc1Cl,698
227,CCCCCCCCCCCCOC[N+]1(C)CCCC1.O=C([O-])COc1ccc(Cl)cc1Cl,699
220.6,CCCCCCCCCCOC[N+]1(C)CCCC1.O=C([O-])COc1ccc(Cl)cc1Cl,700
224,CCCCCCCCCC[N+]1(C)CCCC1.O=C([O-])COc1ccc(Cl)cc1,701
234.5,CCCCCCCCCCCC[N+]1(C)CCCC1.O=C([O-])COc1ccc(Cl)cc1,702
226.6,CCCCCCCCCCCCOC[N+]1(C)CCCC1.O=C([O-])COc1ccc(Cl)cc1,703
213.8,CCCCCCCCCCOC[N+]1(C)CCCC1.O=C([O-])COc1ccc(Cl)cc1,704
244.5,CCCCCCCCCC[N+]1(C)CCCC1.Cc1cc(Cl)ccc1OC(C)C(=O)[O-],705
238.6,CCCCCCCCCCCC[N+]1(C)CCCC1.Cc1cc(Cl)ccc1OC(C)C(=O)[O-],706
219.4,CCCCCCCCCCCCOC[N+]1(C)CCCC1.Cc1cc(Cl)ccc1OC(C)C(=O)[O-],707
214.9,CCCCCCCCCCOC[N+]1(C)CCCC1.Cc1cc(Cl)ccc1OC(C)C(=O)[O-],708
234.8,CCCCCCCCCC[N+]1(C)CCCC1.Cc1cc(Cl)ccc1OCC(=O)[O-],709
216,CCCCCCCCCCOC[N+]1(C)CCCC1.Cc1cc(Cl)ccc1OCC(=O)[O-],710
235.2,CCCCCCCCCCCC[N+]1(C)CCCC1.Cc1cc(Cl)ccc1OCC(=O)[O-],711
244.2,C[NH3+].O=P([O-])(O)O,712
181.5,CC[NH3+].O=[N+]([O-])[O-],713
241.7,CC[NH3+].O=P([O-])(O)O,714
209.6,CCCC[NH3+].O=S(=O)([O-])O,715
183.4,CCCC[NH3+].CS(=O)(=O)[O-],716
198,CCCC[NH3+].O=S(=O)([N-]S(=O)(=O)C(F)(F)F)C(F)(F)F,717
239.7,CCCC[NH3+].O=P([O-])(O)O,718
176,C[NH2+]C.O=S(=O)([O-])O,719
178,CS(=O)(=O)[O-].C[NH2+]C,720
159,C[NH2+]C.O=C[O-],721
236.2,C[NH2+]C.O=P([O-])(O)O,722
205.9,CC[NH2+]CC.O=S(=O)([O-])O,723
205.2,CC[NH2+]CC.CS(=O)(=O)[O-],724
164,CC[NH2+]CC.O=C[O-],725
210.9,CC(=O)[O-].CC[NH2+]CC,726
224,CCCC[NH2+]CCCC.CS(=O)(=O)[O-],727
196.4,CCCC[NH2+]CCCC.O=C[O-],728
172.9,C[NH+](C)C.O=S(=O)([O-])O,729
210.9,CC[NH+](CC)CC.CS(=O)(=O)[O-],730
215,CC[NH+](CC)CC.O=S(=O)([O-])C(F)(F)F,731
180,CC(=O)[O-].CC[NH+](CC)CC,732
190,CC[NH+](CC)CC.O=C([O-])C(F)(F)F,733
194.6,CC[NH+](CC)CC.O=[PH]([O-])O,734
203.7,CCC[NH+](CCC)CCC.O=S(=O)([O-])O,735
215.9,CCCC[NH+](CCCC)CCCC.O=S(=O)([O-])O,736
203.6,CCCC[NH+](CCCC)CCCC.CS(=O)(=O)[O-],737
213,CCCC[NH+](CCCC)CCCC.O=[PH]([O-])O,738
239,CC(C)[n+]1ccn(C)c1.[Cl-],739
251,CC(c1ccccc1)[n+]1ccn(C)c1.[Cl-],740
226,CCCCCn1cc[n+](C)c1.[Cl-],741
229,CCCn1cc[n+](C)c1.[Cl-],742
199,CC(C)[n+]1ccn(C)c1.F[B-](F)(F)F,743
251,CC(c1ccccc1)[n+]1ccn(C)c1.F[B-](F)(F)F,744
205,CCC(C)[n+]1ccn(C)c1.F[B-](F)(F)F,745
217,CCC(CC)[n+]1ccn(C)c1.F[B-](F)(F)F,746
207,CCCC(C)[n+]1ccn(C)c1.F[B-](F)(F)F,747
240,Cn1cc[n+](Cc2ccccc2)c1.F[B-](F)(F)F,748
197,CCCCn1cc[n+](C)c1.[I-],749
181,CCCCn1cc[n+](C)c1.N#C[S-],750
172,CCCCn1cc[n+](C)c1.O=S(=O)(F)[N-]S(=O)(=O)F,751
180.5,CC(=O)[O-].CCCCCC[N+](C)(CCO)CCO,752
207.3,CC(=O)[O-].CCCCCC[N+](CCO)(CCO)CCO,753
191.8,CCCCCC[N+](C)(CCO)CCO.O=S(=O)([N-]S(=O)(=O)C(F)(F)F)C(F)(F)F,754
179.3,CCCCCC[N+](C)(CCO)CCO.F[B-](F)(F)F,755
190,CCCCCC[N+](CCO)(CCO)CCO.F[B-](F)(F)F,756
214.2,CCCCCC[N+](CCO)(CCO)CCO.O=S(=O)([N-]S(=O)(=O)C(F)(F)F)C(F)(F)F,757
203.1,CCCCCC[N+](CCO)(CCO)CCO.N#C[N-]C#N,758
202.7,CCCCCCCCCCCCCC[P+](CCCCCC)(CCCCCC)CCCCCC.[Cl-],759
203.4,CC(O)C(=O)[O-].CCC[N+](C)(C)CCC,760
204.6,CC(O)C(=O)[O-].CCC[N+](C)(CCC)CCC,761
208.7,CC=CC=CC(=O)[O-].CCCC[N+](C)(C)CCCC,762
204.9,CC(=O)[O-].CCC[N+](C)(C)CCC,763
209,CC(=O)[O-].CCC[N+](C)(CCC)CCC,764
205.2,CC(=O)[O-].CCCC[N+](C)(C)CCCC,765
206.2,CC(=O)CCC(=O)[O-].CCC[N+](C)(CCC)CCC,766
221,CCCC[N+](C)(C)CCCC.O=C([O-])C(O)c1ccccc1,767
210.6,CCCC[N+](C)(C)CCCC.O=C([O-])CO,768
230.8,CCC[n+]1ccccc1.[I-],769
221,CCOC(=O)c1ccc[n+](CCCCCC(=O)O)c1.O=[N+]([O-])[O-],770
223,CCOC(=O)c1ccc[n+](CCCCCC(=O)O)c1.O=S(=O)([O-])C(F)(F)F,771
212,CCOC(=O)c1ccc[n+](CCCCCC(=O)O)c1.F[B-](F)(F)F,772
234,CCOC(=O)c1ccc[n+](CCCCCC(=O)O)c1.F[P-](F)(F)(F)(F)F,773
196.8,CCCCn1cc[n+](COCC)c1.O=S(=O)([N-]S(=O)(=O)C(F)(F)F)C(F)(F)F,774
204.3,CCOC[n+]1ccn(C)c1C.O=S(=O)([N-]S(=O)(=O)C(F)(F)F)C(F)(F)F,775
194.4,CCOCCCCCC[n+]1ccn(C)c1.O=S(=O)([N-]S(=O)(=O)C(F)(F)F)C(F)(F)F,776
191.8,CCOCn1cc[n+](C)c1.O=S(=O)([N-]S(=O)(=O)C(F)(F)F)C(F)(F)F,777
191.5,COCn1cc[n+](C)c1.O=S(=O)([N-]S(=O)(=O)C(F)(F)F)C(F)(F)F,778
197.4,CCOC[n+]1ccn(C)c1.F[B-](F)(F)F,779
189,CCN(CC)CCn1cc[n+](C)c1.O=S(=O)([N-]S(=O)(=O)C(F)(F)F)C(F)(F)F,780
197,CCN(CC)CCn1cc[n+](C)c1.F[B-](F)(F)F,781
205,C[n+]1ccn(CCN2CCCCC2)c1.O=S(=O)([N-]S(=O)(=O)C(F)(F)F)C(F)(F)F,782
209,CN(C)CCn1cc[n+](C)c1.F[B-](F)(F)F,783
221,C[n+]1ccn(CCN2CCCCC2)c1.F[B-](F)(F)F,784
227,C[n+]1ccn(CCN2CCOCC2)c1.F[B-](F)(F)F,785
197,CN(C)CCn1cc[n+](C)c1.O=S(=O)([N-]S(=O)(=O)C(F)(F)F)C(F)(F)F,786
212,C[n+]1ccn(CCN2CCOCC2)c1.O=S(=O)([N-]S(=O)(=O)C(F)(F)F)C(F)(F)F,787
205,C[n+]1ccn(CCN2CCCC2)c1.O=S(=O)([N-]S(=O)(=O)C(F)(F)F)C(F)(F)F,788
216,C[n+]1ccn(CCN2CCCC2)c1.F[B-](F)(F)F,789
205,CCCCn1cc[n+](C)c1.c1nc[n-]n1,790
203,CCCCn1cc[n+](C)c1.c1c[n-]nn1,791
205,CCCC[N+]1(C)CCCC1.c1nc[n-]n1,792
214,COCCn1cc[n+](C)c1.[O-]c1ccccc1,793
