Normalized SMILES,logEC50,RANDOM,IL
C/C=C/C(=O)[O-].C[N+]1(Cc2ccccc2)CCOCC1,4.15,1,1
CC(=O)CCn1cc[n+](C)c1.[Br-],3.78,2,2
CC(=O)OCC[N+]1(C)CCCC1.FC(F)(F)C(F)(F)[P-](F)(F)(F)(C(F)(F)C(F)(F)F)C(F)(F)C(F)(F)F,2.91,3,3
CC(=O)[O-].CCn1cc[n+](C)c1,4.227654641000001,4,4
CC(=O)[O-].C[N+]1(Cc2ccccc2)CCOCC1,4.1,5,5
CC(=O)[O-].C[NH+](C)CCO,3.39,6,6
CC(=O)[O-].OCC[NH2+]CCO,4.032215703,7,7
CC(C)C(=O)[O-].OCC[NH2+]CCO,3.474216264,8,8
CC(O)C(=O)[O-].C[N+](C)(C)CCO,4.6,9,9
CC(O)C(=O)[O-].C[N+]1(Cc2ccccc2)CCOCC1,4.3,10,10
CC1=CC(=O)[N-]S(=O)(=O)O1.CCCCCCCCCCCOC[n+]1cccc(O)c1,1.6,11,11
CC1=CC(=O)[N-]S(=O)(=O)O1.CCCCCCCOC[n+]1cccc(O)c1,3.0,12,12
CC1=CC(=O)[N-]S(=O)(=O)O1.CCCCCCOC[n+]1cccc(O)c1,3.4,13,13
CC1=CC(=O)[N-]S(=O)(=O)O1.CCCCOC[n+]1cccc(O)c1,3.7,14,14
CC1=CC(=O)[N-]S(=O)(=O)O1.CCCOC[n+]1cccc(O)c1,3.5,15,15
CCC(=O)[O-].OCC[NH2+]CCO,3.767155866,16,16
CCC(CC)C(=O)[O-].C[N+]1(Cc2ccccc2)CCOCC1,4.13,17,17
CCCC(=O)[O-].OCC[NH+](CCO)CCO,3.394451681,18,18
CCCC(=O)[O-].OCC[NH2+]CCO,3.245512668,19,19
CCCC(=O)[O-].[NH3+]CCCO,3.260071388,20,20
CCCCC(=O)[O-].OCC[NH+](CCO)CCO,3.530199698,21,21
CCCCC(=O)[O-].OCC[NH2+]CCO,3.72427587,22,22
CCCCCC(=O)[O-].C[N+]1(Cc2ccccc2)CCOCC1,3.63,23,23
CCCCCCCC(=O)[O-].C[N+]1(Cc2ccccc2)CCOCC1,3.22,24,24
CCCCCCCCC=CCCCCCCCC1=[N+](CC)CCN1CCO.CCOS(=O)(=O)[O-],0.068185862,25,25
CCCCCCCCCCCCCCCCCCn1cc[n+](C)c1.[Cl-],0.012837225,26,26
CCCCCCCCCCCCCCCC[N+](C)(C)Cc1ccccc1.[Cl-],0.33,27,27
CCCCCCCCCCCCCCCCn1cc[n+](C)c1.[Cl-],-0.2401660775,28,28
CCCCCCCCCCCCCC[N+](C)(C)Cc1ccccc1.[Cl-],0.16,29,29
CCCCCCCCCCCCCC[P+](CCCCCC)(CCCCCC)CCCCCC.F[B-](F)(F)F,0.48,30,30
CCCCCCCCCCCCCC[P+](CCCCCC)(CCCCCC)CCCCCC.O=S(=O)([N-]S(=O)(=O)C(F)(F)F)C(F)(F)F,0.24,31,31
CCCCCCCCCCCCOS(=O)(=O)[O-].C[N+]1(Cc2ccccc2)CCOCC1,2.4,32,32
CCCCCCCCCCCC[N+](C)(C)Cc1ccccc1.[Cl-],0.28,33,33
CCCCCCCCCCCOC[n+]1cccc(O)c1.O=C1[N-]S(=O)(=O)c2ccccc21,1.6,34,34
CCCCCCCCCCCOC[n+]1cccc(O)c1.[Cl-],1.6,35,35
CCCCCCCCCC[N+](C)(C)Cc1ccccc1.[Cl-],0.645,36,36
CCCCCCCCCCn1cc[n+](C)c1.F[B-](F)(F)F,0.769377326,37,37
CCCCCCCCCCn1cc[n+](C)c1.F[P-](F)(F)(F)(F)F,1.498310554,38,38
CCCCCCCCCCn1cc[n+](C)c1.[Cl-],1.34,39,39
CCCCCCCCCCn1cc[n+](CC)c1.[Br-],0.53,40,40
CCCCCCCCCCn1cc[n+](CCCCCCCCCC)c1C.O=S(=O)([N-]S(=O)(=O)C(F)(F)F)C(F)(F)F,-0.128427064,41,41
CCCCCCCCCn1cc[n+](C)c1.F[B-](F)(F)F,1.65,42,42
CCCCCCCCCn1cc[n+](C)c1.F[P-](F)(F)(F)(F)F,1.854913022,43,43
CCCCCCCCCn1cc[n+](C)c1.[Cl-],1.399673721,44,44
CCCCCCCCOS(=O)(=O)[O-].CCCCCCCCn1cc[n+](C)c1,1.525044807,45,45
CCCCCCCCOS(=O)(=O)[O-].CCCCn1cc[n+](C)c1,3.225309282,46,46
CCCCCCCC[N+]1(C)CCCC1.F[B-](F)(F)F,1.82,47,47
CCCCCCCC[N+]1(C)CCCC1.[Cl-],2.59,48,48
CCCCCCCC[n+]1ccc(C)cc1.F[B-](F)(F)F,1.49,49,49
CCCCCCCC[n+]1ccc(C)cc1.[Cl-],2.3,50,50
CCCCCCCC[n+]1cccc(C)c1.[Cl-],1.47,51,51
CCCCCCCC[n+]1cccc2ccccc21.F[B-](F)(F)F,0.17,52,52
CCCCCCCC[n+]1cccc2ccccc21.[Br-],-0.03,53,53
CCCCCCCC[n+]1ccccc1.[Cl-],1.27,54,54
CCCCCCCCn1cc[n+](C)c1.F[B-](F)(F)F,1.5905323035,55,55
CCCCCCCCn1cc[n+](C)c1.F[P-](F)(F)(F)(F)F,1.96,56,56
CCCCCCCCn1cc[n+](C)c1.O=S(=O)([N-]S(=O)(=O)C(F)(F)F)C(F)(F)F,1.64,57,57
CCCCCCCCn1cc[n+](C)c1.[Cl-],2.0064186125,58,58
CCCCCCCOC[n+]1cccc(O)c1.O=C1[N-]S(=O)(=O)c2ccccc21,3.0,59,59
CCCCCCCOC[n+]1cccc(O)c1.[Cl-],3.0,60,60
CCCCCCC[NH+]1C=CN(C)C1.[Cl-],2.53,61,61
CCCCCCCn1cc[n+](C)c1.F[B-](F)(F)F,2.58,62,62
CCCCCCCn1cc[n+](C)c1.F[P-](F)(F)(F)(F)F,2.3,63,63
CCCCCCCn1cc[n+](C)c1.[Cl-],2.53,64,64
CCCCCCOC[n+]1cccc(O)c1.O=C1[N-]S(=O)(=O)c2ccccc21,3.3,65,65
CCCCCC[N+]1(C)CCCC1.[Cl-],2.91,66,66
CCCCCC[N+]1(CCCCCC)CCCC1.F[B-](F)(F)F,1.23,67,67
CCCCCC[n+]1ccc(C)cc1.F[B-](F)(F)F,2.17,68,68
CCCCCC[n+]1ccc(C)cc1.[Cl-],2.67,69,69
CCCCCC[n+]1ccc(N(C)C)cc1.O=S(=O)([N-]S(=O)(=O)C(F)(F)F)C(F)(F)F,0.93,70,70
CCCCCC[n+]1ccc(N(C)C)cc1.[Cl-],0.93,71,71
CCCCCC[n+]1cccc(C)c1.[Cl-],2.4,72,72
CCCCCC[n+]1cccc2ccccc21.F[B-](F)(F)F,1.07,73,73
CCCCCC[n+]1ccccc1.F[P-](F)(F)(F)(F)F,2.51,74,74
CCCCCC[n+]1ccccc1.O=S(=O)([N-]S(=O)(=O)C(F)(F)F)C(F)(F)F,2.87,75,75
CCCCCC[n+]1ccccc1.O=S(=O)([O-])C(F)(F)F,2.54,76,76
CCCCCC[n+]1ccccc1.[Cl-],2.8,77,77
CCCCCC[n+]1ccn(C)c1C.F[B-](F)(F)F,1.9,78,78
CCCCCCn1cc[n+](C)c1.FC(F)(F)C(F)(F)C(F)(F)[P-](F)(F)(F)(C(F)(F)C(F)(F)C(F)(F)F)C(F)(F)C(F)(F)C(F)(F)F,1.4,79,79
CCCCCCn1cc[n+](C)c1.FC(F)(F)C(F)(F)[P-](F)(F)(F)(C(F)(F)C(F)(F)F)C(F)(F)C(F)(F)F,1.428134794,80,80
CCCCCCn1cc[n+](C)c1.F[B-](F)(F)F,2.980003372,81,81
CCCCCCn1cc[n+](C)c1.F[P-](F)(F)(F)(F)F,2.909020854,82,82
CCCCCCn1cc[n+](C)c1.O=C1[N-]S(=O)(=O)c2ccccc21,2.307496038,83,83
CCCCCCn1cc[n+](C)c1.O=S(=O)([C-](S(=O)(=O)C(F)(F)F)S(=O)(=O)C(F)(F)F)C(F)(F)F,3.44,84,84
CCCCCCn1cc[n+](C)c1.O=S(=O)([N-]S(=O)(=O)C(F)(F)F)C(F)(F)F,2.2415190245,85,85
CCCCCCn1cc[n+](C)c1.O=S1(=O)N=C([O-])c2ccccc21,2.29,86,86
CCCCCCn1cc[n+](C)c1.[Cl-],2.835,87,87
CCCCCCn1cc[n+](C)c1C.F[B-](F)(F)F,1.9,88,88
CCCCCCn1cc[n+](CC)c1.F[B-](F)(F)F,2.26,89,89
CCCCCCn1cc[n+](CC)c1.[Br-],2.01,90,90
CCCCC[n+]1ccccc1.O=S(=O)([N-]S(=O)(=O)C(F)(F)F)C(F)(F)F,2.85,91,91
CCCCC[n+]1ccccc1.[Br-],3.15,92,92
CCCCC[n+]1ccn(C)c1.F[P-](F)(F)(F)(F)F,3.07,93,93
CCCCC[n+]1ccn(C)c1.[Cl-],3.16,94,94
CCCCOC[n+]1cccc(O)c1.O=C1[N-]S(=O)(=O)c2ccccc21,3.6,95,95
CCCC[N+](C)(C)C.O=S(=O)([N-]S(=O)(=O)C(F)(F)F)C(F)(F)F,3.61,96,96
CCCC[N+](C)(C)CC.O=S(=O)([N-]S(=O)(=O)C(F)(F)F)C(F)(F)F,3.53,97,97
CCCC[N+](C)(C)CC.[Cl-],4.6,98,98
CCCC[N+](CCCC)(CCCC)CCCC.[Br-],2.25,99,99
CCCC[N+](CCCC)(CCCC)CCCC.c1ccc2c(c1)O[B-]1(O2)Oc2ccccc2O1,1.61,100,100
CCCC[N+]1(C)CCCC1.FC(F)(F)C(F)(F)[P-](F)(F)(F)(C(F)(F)C(F)(F)F)C(F)(F)C(F)(F)F,2.41,101,101
CCCC[N+]1(C)CCCC1.F[B-](F)(F)F,2.9,102,102
CCCC[N+]1(C)CCCC1.N#C[N-]C#N,4.23,103,103
CCCC[N+]1(C)CCCC1.O=S(=O)([N-]S(=O)(=O)C(F)(F)F)C(F)(F)F,3.01,104,104
CCCC[N+]1(C)CCCC1.[Br-],3.77,105,105
CCCC[N+]1(C)CCCC1.[Cl-],4.6,106,106
CCCC[N+]1(C)CCCCC1.O=S(=O)([N-]S(=O)(=O)C(F)(F)F)C(F)(F)F,3.41,107,107
CCCC[N+]1(C)CCCCC1.[Br-],4.03,108,108
CCCC[N+]1(C)CCOCC1.O=S(=O)([N-]S(=O)(=O)C(F)(F)F)C(F)(F)F,3.43,109,109
CCCC[N+]1(C)CCOCC1.[Br-],4.6,110,110
CCCC[P+](CCCC)(CCCC)CCCC.[Br-],1.66,111,111
CCCC[P+](CCCC)(CCCC)CCCC.c1ccc2c(c1)O[B-]1(O2)Oc2ccccc2O1,1.32,112,112
CCCC[n+]1cc(C)cc(C)c1.F[B-](F)(F)F,3.26,113,113
CCCC[n+]1cc(C)cc(C)c1.[Cl-],3.42,114,114
CCCC[n+]1ccc(C)c(C)c1.F[B-](F)(F)F,3.02,115,115
CCCC[n+]1ccc(C)c(C)c1.[Cl-],3.05,116,116
CCCC[n+]1ccc(C)cc1.F[B-](F)(F)F,2.98,117,117
CCCC[n+]1ccc(C)cc1.F[P-](F)(F)(F)(F)F,3.3,118,118
CCCC[n+]1ccc(C)cc1.N#C[B-](C#N)(C#N)C#N,2.88,119,119
CCCC[n+]1ccc(C)cc1.[Cl-],3.32,120,120
CCCC[n+]1ccc(N(C)C)cc1.O=S(=O)([N-]S(=O)(=O)C(F)(F)F)C(F)(F)F,1.82,121,121
CCCC[n+]1ccc(N(C)C)cc1.[Cl-],1.94,122,122
CCCC[n+]1cccc(C)c1.F[B-](F)(F)F,3.3,123,123
CCCC[n+]1cccc(C)c1.N#C[N-]C#N,3.46,124,124
CCCC[n+]1cccc(C)c1.[Cl-],3.86,125,125
CCCC[n+]1cccc2ccccc21.F[B-](F)(F)F,2.16,126,126
CCCC[n+]1cccc2ccccc21.[Br-],2.32,127,127
CCCC[n+]1ccccc1.COS(=O)(=O)[O-],3.92,128,128
CCCC[n+]1ccccc1.F[B-](F)(F)F,3.38,129,129
CCCC[n+]1ccccc1.F[P-](F)(F)(F)(F)F,3.85,130,130
CCCC[n+]1ccccc1.O=S(=O)([O-])C(F)(F)F,3.66,131,131
CCCC[n+]1ccccc1.[Br-],3.9,132,132
CCCC[n+]1ccccc1.[Cl-],3.77,133,133
CCCC[n+]1ccccc1C.F[B-](F)(F)F,3.25,134,134
CCCC[n+]1ccccc1C.[Cl-],3.75,135,135
CCCC[n+]1ccn(CC)c1.F[B-](F)(F)F,3.26,136,136
CCCCn1cc[n+](C)c1.COCCOCCOS(=O)(=O)[O-],3.1541812460000003,137,137
CCCCn1cc[n+](C)c1.COS(=O)(=O)[O-],3.212187604,138,138
CCCCn1cc[n+](C)c1.CS(=O)(=O)[O-],3.511883361,139,139
CCCCn1cc[n+](C)c1.Cc1ccc(S(=O)(=O)[O-])cc1,3.2900173055,140,140
CCCCn1cc[n+](C)c1.FC(F)(F)C(F)(F)[P-](F)(F)(F)(C(F)(F)C(F)(F)F)C(F)(F)C(F)(F)F,1.374748346,141,141
CCCCn1cc[n+](C)c1.FC(F)(F)[N-]C(F)(F)F,2.187520721,142,142
CCCCn1cc[n+](C)c1.F[B-](F)(F)F,3.1702244605,143,143
CCCCn1cc[n+](C)c1.F[P-](F)(F)(F)(F)F,3.096910013,144,144
CCCCn1cc[n+](C)c1.N#C[N-]C#N,3.15,145,145
CCCCn1cc[n+](C)c1.N#C[S-],3.416640507,146,146
CCCCn1cc[n+](C)c1.O=S(=O)([N-]S(=O)(=O)C(F)(F)F)C(F)(F)F,2.681072538,147,147
CCCCn1cc[n+](C)c1.O=S(=O)([O-])C(F)(F)F,3.0105946495,148,148
CCCCn1cc[n+](C)c1.O=S(=O)([O-])O,3.28780173,149,149
CCCCn1cc[n+](C)c1.[Br-],3.4282556305,150,150
CCCCn1cc[n+](C)c1.[Cl-],3.5519415135,151,151
CCCCn1cc[n+](C)c1.[I-],3.4807213145,152,152
CCCCn1cc[n+](CC)c1.F[B-](F)(F)F,3.257678575,153,153
CCCCn1cc[n+](CC)c1.O=C([O-])C(F)(F)F,3.31386722,154,154
CCCCn1cc[n+](CC)c1.O=S(=O)([O-])C(F)(F)F,3.426511261,155,155
CCCOC[n+]1cccc(O)c1.O=C1[N-]S(=O)(=O)c2ccccc21,3.6,156,156
CCCOC[n+]1cccc(O)c1.[Cl-],2.9,157,157
CCC[N+]1(C)CCCCC1.O=S(=O)([N-]S(=O)(=O)C(F)(F)F)C(F)(F)F,3.16,158,158
CCC[n+]1ccccc1.O=S(=O)([N-]S(=O)(=O)C(F)(F)F)C(F)(F)F,3.2,159,159
CCCn1cc[n+](C)c1.F[B-](F)(F)F,3.4524224300000004,160,160
CCCn1cc[n+](C)c1.F[P-](F)(F)(F)(F)F,3.3,161,161
CCCn1cc[n+](C)c1.[Cl-],4.6,162,162
CCCn1cc[n+](CC)c1.[Br-],3.6,163,163
CCOC(=O)C[N+](C)(C)CC.O=S(=O)([N-]S(=O)(=O)C(F)(F)F)C(F)(F)F,3.53,164,164
CCOC(=O)C[N+](C)(C)CC.[Br-],3.85,165,165
CCOC(=O)C[N+]1(C)CCCC1.O=S(=O)([N-]S(=O)(=O)C(F)(F)F)C(F)(F)F,3.592176757,166,166
CCOC(=O)C[N+]1(C)CCCC1.[Br-],3.844477176,167,167
CCOCC[N+](C)(C)CC.O=S(=O)([N-]S(=O)(=O)C(F)(F)F)C(F)(F)F,3.27,168,168
CCOCC[N+](C)(C)CC.[Cl-],4.6,169,169
CCOCC[N+]1(C)CCCC1.O=S(=O)([N-]S(=O)(=O)C(F)(F)F)C(F)(F)F,3.2,170,170
CCOCC[N+]1(C)CCCC1.[Br-],4.6,171,171
CCOCC[N+]1(C)CCCCC1.O=S(=O)([N-]S(=O)(=O)C(F)(F)F)C(F)(F)F,3.34,172,172
CCOCC[N+]1(C)CCCCC1.[Br-],4.31,173,173
CCOCC[N+]1(C)CCOCC1.O=S(=O)([N-]S(=O)(=O)C(F)(F)F)C(F)(F)F,3.69,174,174
CCOCC[N+]1(C)CCOCC1.[Br-],4.6,175,175
CCOCC[NH+](C)C.[Cl-],4.6,176,176
CCOCC[n+]1ccccc1.O=S(=O)([N-]S(=O)(=O)C(F)(F)F)C(F)(F)F,3.26,177,177
CCOCC[n+]1ccccc1.[Br-],4.24,178,178
CCOCCn1cc[n+](C)c1.O=S(=O)([N-]S(=O)(=O)C(F)(F)F)C(F)(F)F,3.181843588,179,179
CCOCCn1cc[n+](C)c1.[Br-],4.139879086,180,180
CCOC[N+](C)(C)CC.O=S(=O)([N-]S(=O)(=O)C(F)(F)F)C(F)(F)F,3.8,181,181
CCOC[N+](C)(C)CC.[Cl-],3.59,182,182
CCOC[N+]1(C)CCCC1.O=S(=O)([N-]S(=O)(=O)C(F)(F)F)C(F)(F)F,3.26,183,183
CCOC[N+]1(C)CCCC1.[Cl-],3.05,184,184
CCOC[N+]1(C)CCCCC1.O=S(=O)([N-]S(=O)(=O)C(F)(F)F)C(F)(F)F,3.41,185,185
CCOC[N+]1(C)CCCCC1.[Cl-],4.23,186,186
CCOC[N+]1(C)CCOCC1.O=S(=O)([N-]S(=O)(=O)C(F)(F)F)C(F)(F)F,3.36,187,187
CCOC[N+]1(C)CCOCC1.[Cl-],3.52,188,188
CCOC[n+]1ccccc1.O=S(=O)([N-]S(=O)(=O)C(F)(F)F)C(F)(F)F,3.12,189,189
CCOC[n+]1ccccc1.[Cl-],3.32,190,190
CCOCn1cc[n+](C)c1.O=S(=O)([N-]S(=O)(=O)C(F)(F)F)C(F)(F)F,3.201397124,191,191
CCOCn1cc[n+](C)c1.[Cl-],3.603144373,192,192
CCOS(=O)(=O)[O-].CCn1cc[n+](C)c1,3.928395852,193,193
CC[N+](C)(C)CC#N.O=S(=O)([N-]S(=O)(=O)C(F)(F)F)C(F)(F)F,3.86,194,194
CC[N+](C)(C)CC#N.[Cl-],4.6,195,195
CC[N+](C)(C)CCCO.O=S(=O)([N-]S(=O)(=O)C(F)(F)F)C(F)(F)F,3.83,196,196
CC[N+](C)(C)CCCOC.O=S(=O)([N-]S(=O)(=O)C(F)(F)F)C(F)(F)F,3.54,197,197
CC[N+](C)(C)CCCOC.[Cl-],4.9,198,198
CC[N+](C)(C)CCO.O=S(=O)([N-]S(=O)(=O)C(F)(F)F)C(F)(F)F,3.7,199,199
CC[N+](C)(C)CCO.[I-],4.6,200,200
CC[N+](C)(C)CCOC.O=S(=O)([N-]S(=O)(=O)C(F)(F)F)C(F)(F)F,3.3,201,201
CC[N+](C)(C)CCOC.[Cl-],4.6,202,202
CC[N+](CC)(CC)CC.[Cl-],3.78,203,203
CC[N+](CC)(CC)CC.c1ccc2c(c1)O[B-]1(O2)Oc2ccccc2O1,1.17,204,204
CC[N+]1(C)CCOCC1.Cc1ccc(S(=O)(=O)[O-])cc1,3.81,205,205
CC[S+](C)CC.O=S(=O)([N-]S(=O)(=O)C(F)(F)F)C(F)(F)F,3.48,206,206
CC[S+](CC)CC.[Br-],3.4,207,207
CC[n+]1ccc(N(C)C)cc1.O=S(=O)([N-]S(=O)(=O)C(F)(F)F)C(F)(F)F,2.79,208,208
CC[n+]1ccc(N(C)C)cc1.[Br-],2.9,209,209
CC[n+]1ccccc1.[Cl-],4.22,210,210
CCn1cc[n+](C)c1.COCCOCCOS(=O)(=O)[O-],3.845718018,211,211
CCn1cc[n+](C)c1.COS(=O)(=O)[O-],4.2,212,212
CCn1cc[n+](C)c1.CS(=O)(=O)[O-],3.97,213,213
CCn1cc[n+](C)c1.Cc1ccc(S(=O)(=O)[O-])cc1,3.81,214,214
CCn1cc[n+](C)c1.FC(F)(F)C(F)(F)[P-](F)(F)(F)(C(F)(F)C(F)(F)F)C(F)(F)C(F)(F)F,2.0,215,215
CCn1cc[n+](C)c1.F[B-](F)(F)F,3.44,216,216
CCn1cc[n+](C)c1.F[P-](F)(F)(F)(F)F,3.918030337,217,217
CCn1cc[n+](C)c1.N#C[B-](C#N)(C#N)C#N,3.5,218,218
CCn1cc[n+](C)c1.O=C([O-])C(F)(F)F,4.002160687,219,219
CCn1cc[n+](C)c1.O=C1O[B-]2(OC1=O)OC(=O)C(=O)O2,2.93,220,220
CCn1cc[n+](C)c1.O=P([O-])(C(F)(F)C(F)(F)F)C(F)(F)C(F)(F)F,2.832508913,221,221
CCn1cc[n+](C)c1.O=S(=O)([O-])C(F)(F)F,4.0881799155,222,222
CCn1cc[n+](C)c1.O=S(=O)([O-])O,3.99,223,223
CCn1cc[n+](C)c1.[Cl-],3.86,224,224
CN(C)c1cc[n+](C)cc1.[I-],2.89,225,225
COC(C)Cn1cc[n+](C)c1.O=S(=O)([N-]S(=O)(=O)C(F)(F)F)C(F)(F)F,3.342422681,226,226
COC(C)Cn1cc[n+](C)c1.[Cl-],4.49,227,227
COCC(=O)[O-].C[N+]1(Cc2ccccc2)CCOCC1,3.9,228,228
COCCC[N+]1(C)CCCC1.O=S(=O)([N-]S(=O)(=O)C(F)(F)F)C(F)(F)F,3.4,229,229
COCCC[N+]1(C)CCCC1.[Cl-],4.6,230,230
COCCC[N+]1(C)CCCCC1.O=S(=O)([N-]S(=O)(=O)C(F)(F)F)C(F)(F)F,3.27,231,231
COCCC[N+]1(C)CCCCC1.[Cl-],4.4,232,232
COCCC[N+]1(C)CCOCC1.O=S(=O)([N-]S(=O)(=O)C(F)(F)F)C(F)(F)F,3.77,233,233
COCCC[N+]1(C)CCOCC1.[Cl-],4.6,234,234
COCCC[n+]1ccccc1.O=S(=O)([N-]S(=O)(=O)C(F)(F)F)C(F)(F)F,3.38,235,235
COCCC[n+]1ccccc1.[Cl-],4.6,236,236
COCCCn1cc[n+](C)c1.O=S(=O)([N-]S(=O)(=O)C(F)(F)F)C(F)(F)F,3.342422681,237,237
COCCCn1cc[n+](C)c1.[Cl-],4.79,238,238
COCCOCC(=O)[O-].C[N+]1(Cc2ccccc2)CCOCC1,3.89,239,239
COCC[N+]1(C)CCCC1.FC(F)(F)C(F)(F)[P-](F)(F)(F)(C(F)(F)C(F)(F)F)C(F)(F)C(F)(F)F,2.16,240,240
COCC[N+]1(C)CCCC1.O=S(=O)([N-]S(=O)(=O)C(F)(F)F)C(F)(F)F,3.3,241,241
COCC[N+]1(C)CCCC1.[Cl-],4.6,242,242
COCC[N+]1(C)CCCCC1.O=S(=O)([N-]S(=O)(=O)C(F)(F)F)C(F)(F)F,3.265,243,243
COCC[N+]1(C)CCCCC1.[Br-],4.6,244,244
COCC[N+]1(C)CCOCC1.O=S(=O)([N-]S(=O)(=O)C(F)(F)F)C(F)(F)F,3.81,245,245
COCC[N+]1(C)CCOCC1.[Cl-],4.6,246,246
COCC[NH2+]CCOC.NS(=O)(=O)[O-],3.48,247,247
COCC[n+]1ccccc1.O=S(=O)([N-]S(=O)(=O)C(F)(F)F)C(F)(F)F,3.19,248,248
COCC[n+]1ccccc1.[Cl-],4.6,249,249
COCCn1cc[n+](C)c1.O=S(=O)([N-]S(=O)(=O)C(F)(F)F)C(F)(F)F,3.250420002,250,250
COCCn1cc[n+](C)c1.[Cl-],4.6,251,251
C[N+](C)(C)C.FC(F)(F)C(F)(F)[P-](F)(F)(F)(C(F)(F)C(F)(F)F)C(F)(F)C(F)(F)F,2.03,252,252
C[N+](C)(C)CCO.O=C([O-])CO,3.89,253,253
C[N+]1(C#N)CCOCC1.O=S(=O)([N-]S(=O)(=O)C(F)(F)F)C(F)(F)F,3.53,254,254
C[N+]1(CC#N)CCCC1.O=S(=O)([N-]S(=O)(=O)C(F)(F)F)C(F)(F)F,3.8,255,255
C[N+]1(CC#N)CCCC1.[Cl-],4.23,256,256
C[N+]1(CC#N)CCCCC1.O=S(=O)([N-]S(=O)(=O)C(F)(F)F)C(F)(F)F,4.0,257,257
C[N+]1(CC#N)CCCCC1.[Cl-],4.58,258,258
C[N+]1(CC#N)CCOCC1.[Cl-],4.6,259,259
C[N+]1(CCCO)CCCC1.O=S(=O)([N-]S(=O)(=O)C(F)(F)F)C(F)(F)F,3.6,260,260
C[N+]1(CCCO)CCCC1.[Cl-],4.6,261,261
C[N+]1(CCCO)CCCCC1.O=S(=O)([N-]S(=O)(=O)C(F)(F)F)C(F)(F)F,3.63,262,262
C[N+]1(CCCO)CCCCC1.[Cl-],4.6,263,263
C[N+]1(CCCO)CCOCC1.O=S(=O)([N-]S(=O)(=O)C(F)(F)F)C(F)(F)F,3.53,264,264
C[N+]1(CCCO)CCOCC1.[Cl-],4.6,265,265
C[N+]1(CCO)CCCC1.O=S(=O)([N-]S(=O)(=O)C(F)(F)F)C(F)(F)F,3.72,266,266
C[N+]1(CCO)CCCC1.[I-],4.6,267,267
C[N+]1(CCO)CCCCC1.O=S(=O)([N-]S(=O)(=O)C(F)(F)F)C(F)(F)F,3.65,268,268
C[N+]1(CCO)CCCCC1.[I-],4.58,269,269
C[N+]1(CCO)CCOCC1.O=S(=O)([N-]S(=O)(=O)C(F)(F)F)C(F)(F)F,3.18,270,270
C[N+]1(CCO)CCOCC1.[I-],4.6,271,271
C[N+]1(Cc2ccccc2)CCOCC1.F[B-](F)(F)F,2.61,272,272
C[N+]1(Cc2ccccc2)CCOCC1.O=C([O-])C=CC(=O)O,3.35,273,273
C[N+]1(Cc2ccccc2)CCOCC1.O=C([O-])c1ccccc1O,2.9,274,274
C[N+]1(Cc2ccccc2)CCOCC1.O=C1[N-]S(=O)(=O)c2ccccc21,3.5,275,275
C[N+]1(Cc2ccccc2)CCOCC1.O=C[O-],4.1,276,276
C[N+]1(Cc2ccccc2)CCOCC1.O=S(=O)([O-])O,3.64,277,277
C[N+]1(Cc2ccccc2)CCOCC1.O=[N+]([O-])[O-],4.0,278,278
C[NH+](C)CCO.O=C([O-])CO,3.4,279,279
C[NH+]1C=CN=C1.F[B-](F)(F)F,3.09,280,280
C[n+]1ccn(CC#N)c1.O=S(=O)([N-]S(=O)(=O)C(F)(F)F)C(F)(F)F,3.900367129,281,281
C[n+]1ccn(CCC(F)(F)C(F)(F)C(F)(F)C(F)(F)C(F)(F)C(F)(F)F)c1.F[P-](F)(F)(F)(F)F,1.939019776,282,282
C[n+]1ccn(CCCC(=O)O)c1.[Cl-],3.78,283,283
C[n+]1ccn(CCCCCCCC(=O)O)c1.[Br-],3.78,284,284
C[n+]1ccn(CCCCCCCCO)c1.[Br-],2.357934847,285,285
C[n+]1ccn(CCCCO)c1.[Cl-],3.78,286,286
C[n+]1ccn(CCCO)c1.O=S(=O)([N-]S(=O)(=O)C(F)(F)F)C(F)(F)F,3.6599162,287,287
C[n+]1ccn(CCCO)c1.[Cl-],4.6,288,288
C[n+]1ccn(CCO)c1.F[B-](F)(F)F,3.482873584,289,289
C[n+]1ccn(CCO)c1.[I-],4.6,290,290
C[n+]1ccn(CCc2ccccc2)c1.F[P-](F)(F)(F)(F)F,2.92788341,291,291
C[n+]1ccn(CCc2ccccc2)c1.[Cl-],3.3,292,292
C[n+]1ccn(Cc2ccccc2)c1.F[B-](F)(F)F,2.9720254515000004,293,293
C[n+]1ccn(Cc2ccccc2)c1.F[P-](F)(F)(F)(F)F,3.3,294,294
C[n+]1ccn(Cc2ccccc2)c1.[Cl-],3.3,295,295
Cc1ccc(CN2C=C[NH+](C)C2)cc1.[Cl-],2.64,296,296
Cc1ccc(Cn2cc[n+](C)c2)cc1.F[B-](F)(F)F,2.67,297,297
Cc1ccc(Cn2cc[n+](C)c2)cc1.F[P-](F)(F)(F)(F)F,2.663700925,298,298
Cc1ccc(Cn2cc[n+](C)c2)cc1.[Cl-],2.64,299,299
Cn1cc[n+](CCCO)c1.[Cl-],3.09,300,300
Cn1cc[n+](CCO)c1.O=S(=O)([N-]S(=O)(=O)C(F)(F)F)C(F)(F)F,3.763427994,301,301
N#CC[n+]1ccccc1.[Cl-],3.79,302,302
NCCN1C=CCC=C1.O=S(=O)(NS(=O)(=O)C(F)(F)F)C(F)(F)F,3.5,303,303
NCCN1C=CCC=C1.[Cl-],3.79,304,304
O=C[O-].[NH3+]CCCO,4.490660653,305,305
O=C[O-].[NH3+]CCO,4.15,306,306
O=S(=O)(O)CCC[n+]1ccccc1.O=S(=O)([O-])C(F)(F)F,3.9,307,307
O=S(=O)([N-]S(=O)(=O)C(F)(F)F)C(F)(F)F.OCCC[n+]1ccccc1,3.55,308,308
O=S(=O)([N-]S(=O)(=O)C(F)(F)F)C(F)(F)F.OCC[n+]1ccccc1,3.79,309,309
OCCC[n+]1ccccc1.[Cl-],4.6,310,310
OCC[n+]1ccccc1.[I-],4.16,311,311
